ndims,boundsA,boundsB,N,L,activation,num_points,use_sobol,batch_size,lr,lr_scheduler,epoch,time,train MSE_f,test MSE_f,test RMSE_u,lr
2,[0, 1],128,2,sin,10000,True,64,0.0001,None,31.04,30,1.150e+00,1.061e+00,4.531e-03,1.0e-04
2,[0, 1],128,2,sin,10000,True,64,0.001,None,31.22,30,8.698e-03,5.465e-03,8.925e-04,1.0e-03
2,[0, 1],128,2,sin,10000,True,64,0.01,None,31.20,30,5.545e-01,1.085e-01,4.654e-03,1.0e-02
2,[0, 1],128,2,sin,10000,True,64,0.1,None,31.20,30,9.465e+08,7.654e+08,5.060e-01,1.0e-01
2,[0, 1],128,2,sin,10000,True,128,0.0001,None,61.46,30,6.110e-01,5.846e-01,3.533e-03,1.0e-04
2,[0, 1],128,2,sin,10000,True,128,0.001,None,61.44,30,2.095e-02,1.248e-02,1.610e-03,1.0e-03
2,[0, 1],128,2,sin,10000,True,128,0.01,None,61.40,30,3.851e-01,8.999e-01,1.578e-02,1.0e-02
2,[0, 1],128,2,sin,10000,True,128,0.1,None,61.58,30,2.337e+02,1.970e+02,8.838e-02,1.0e-01
2,[0, 1],128,2,sin,10000,True,256,0.0001,None,121.05,30,7.505e-01,7.225e-01,4.153e-03,1.0e-04
2,[0, 1],128,2,sin,10000,True,256,0.001,None,121.36,30,1.634e-02,1.659e-02,2.150e-03,1.0e-03
2,[0, 1],128,2,sin,10000,True,256,0.01,None,121.31,30,1.227e+00,3.211e-01,1.085e-02,1.0e-02
2,[0, 1],128,2,sin,10000,True,256,0.1,None,121.54,30,2.955e+03,2.190e+03,4.978e-01,1.0e-01
2,[0, 1],128,2,sin,10000,True,512,0.0001,None,238.67,30,5.372e-01,5.206e-01,3.717e-03,1.0e-04
2,[0, 1],128,2,sin,10000,True,512,0.001,None,238.51,30,8.665e-03,3.398e-03,6.053e-04,1.0e-03
2,[0, 1],128,2,sin,10000,True,512,0.01,None,238.61,30,2.815e-01,7.008e-02,7.334e-03,1.0e-02
2,[0, 1],128,2,sin,10000,True,512,0.1,None,238.67,30,2.524e+03,2.437e+03,4.978e-01,1.0e-01
2,[0, 1],128,2,sin,10000,True,1024,0.0001,None,461.41,30,5.680e-01,5.519e-01,4.099e-03,1.0e-04
2,[0, 1],128,2,sin,10000,True,1024,0.001,None,461.10,30,2.827e-03,2.968e-03,4.932e-04,1.0e-03
2,[0, 1],128,2,sin,10000,True,1024,0.01,None,461.41,30,1.188e-01,5.409e-02,9.795e-03,1.0e-02
2,[0, 1],128,2,sin,10000,True,1024,0.1,None,462.00,30,9.223e+02,8.969e+02,3.407e-01,1.0e-01
2,[0, 1],128,2,sin,10000,True,2048,0.0001,None,877.61,30,7.163e-01,7.006e-01,5.109e-03,1.0e-04
2,[0, 1],128,2,sin,10000,True,2048,0.001,None,879.61,30,4.630e-03,1.071e-02,1.528e-03,1.0e-03
2,[0, 1],128,2,sin,10000,True,2048,0.01,None,880.20,30,2.504e-01,3.741e-01,1.089e-02,1.0e-02
2,[0, 1],128,2,sin,10000,True,2048,0.1,None,880.41,30,3.593e-01,3.805e-01,1.900e-03,1.0e-01
2,[0, 1],128,2,sin,10000,True,4096,0.0001,None,1338.41,30,1.165e+00,1.149e+00,7.712e-03,1.0e-04
2,[0, 1],128,2,sin,10000,True,4096,0.001,None,1337.82,30,3.359e-03,3.356e-03,2.795e-04,1.0e-03
2,[0, 1],128,2,sin,10000,True,4096,0.01,None,1338.00,30,1.647e+00,1.762e+00,2.468e-02,1.0e-02
2,[0, 1],128,2,sin,10000,True,4096,0.1,None,1337.00,30,2.836e+03,3.017e+03,4.988e-01,1.0e-01
2,[0, 1],128,2,sin,10000,True,8192,0.0001,None,1688.00,30,3.643e+00,3.616e+00,1.694e-02,1.0e-04
2,[0, 1],128,2,sin,10000,True,8192,0.001,None,1688.82,30,1.704e-02,1.213e-02,1.509e-03,1.0e-03
2,[0, 1],128,2,sin,10000,True,8192,0.01,None,1689.00,30,1.657e-02,2.288e-02,2.425e-03,1.0e-02
2,[0, 1],128,2,sin,10000,True,8192,0.1,None,1689.00,30,1.462e+03,1.491e+03,4.760e-01,1.0e-01
2,[0, 1],128,2,sin,10000,True,64,0.1,ExponentialLR-0.95,31.35,30,7.023e+02,6.247e+02,2.680e-01,2.0e-02
2,[0, 1],128,2,sin,10000,True,64,0.1,ReduceLROnPlateau-0.1-10,31.44,30,1.557e+03,1.567e+03,5.033e-01,1.0e-03
2,[0, 1],128,2,sin,10000,True,64,0.1,ReduceLROnPlateau-0.5-2,31.45,30,2.784e+04,3.012e+04,5.156e-01,9.8e-05
2,[0, 1],128,2,sin,10000,True,128,0.1,ExponentialLR-0.95,61.87,30,7.170e-04,9.131e-05,5.985e-05,4.4e-03
2,[0, 1],128,2,sin,10000,True,128,0.1,ReduceLROnPlateau-0.1-10,61.93,30,1.164e+03,1.161e+03,3.321e-01,1.0e-06
2,[0, 1],128,2,sin,10000,True,128,0.1,ReduceLROnPlateau-0.5-2,61.92,30,2.672e+03,2.665e+03,4.075e-01,1.9e-07
2,[0, 1],128,2,sin,10000,True,256,0.1,ExponentialLR-0.95,121.08,30,3.598e-04,3.465e-04,5.122e-05,2.0e-04
2,[0, 1],128,2,sin,10000,True,256,0.1,ReduceLROnPlateau-0.1-10,120.97,30,1.112e+04,1.119e+04,5.375e-01,1.0e-08
2,[0, 1],128,2,sin,10000,True,256,0.1,ReduceLROnPlateau-0.5-2,121.05,30,2.616e-04,2.654e-04,3.955e-05,3.9e-04
2,[0, 1],128,2,sin,10000,True,512,0.1,ExponentialLR-0.95,237.82,30,7.891e-04,7.972e-04,5.150e-05,5.3e-07
2,[0, 1],128,2,sin,10000,True,512,0.1,ReduceLROnPlateau-0.1-10,238.41,30,1.638e-04,1.589e-04,2.285e-05,1.0e-03
2,[0, 1],128,2,sin,10000,True,512,0.1,ReduceLROnPlateau-0.5-2,239.87,30,1.905e-03,1.909e-03,7.415e-05,3.9e-04
2,[0, 1],128,2,sin,10000,True,1024,0.1,ExponentialLR-0.95,463.00,30,2.694e-03,2.683e-03,1.060e-04,5.1e-12
2,[0, 1],128,2,sin,10000,True,1024,0.1,ReduceLROnPlateau-0.1-10,463.92,30,7.157e-03,6.986e-03,1.620e-04,1.0e-08
2,[0, 1],128,2,sin,10000,True,1024,0.1,ReduceLROnPlateau-0.5-2,463.92,30,5.306e-04,5.449e-04,3.424e-05,9.8e-05
2,[0, 1],128,2,sin,10000,True,2048,0.1,ExponentialLR-0.95,875.00,30,2.701e-03,2.711e-03,9.866e-05,3.4e-21
2,[0, 1],128,2,sin,10000,True,2048,0.1,ReduceLROnPlateau-0.1-10,875.20,30,3.110e-04,3.134e-04,3.103e-05,1.0e-08
2,[0, 1],128,2,sin,10000,True,2048,0.1,ReduceLROnPlateau-0.5-2,875.41,30,2.466e-04,2.455e-04,2.692e-05,1.2e-08
2,[0, 1],128,2,sin,10000,True,4096,0.1,ExponentialLR-0.95,1325.82,30,1.888e-02,1.857e-02,2.915e-04,3.0e-31
2,[0, 1],128,2,sin,10000,True,4096,0.1,ReduceLROnPlateau-0.1-10,1326.82,30,1.445e-03,1.018e-03,5.858e-05,1.0e-03
2,[0, 1],128,2,sin,10000,True,4096,0.1,ReduceLROnPlateau-0.5-2,1327.41,30,1.489e-03,6.795e-04,4.404e-05,1.6e-03
2,[0, 1],128,2,sin,100,False,2048,0.1,ReduceLROnPlateau-0.5-2,3328.00,30,4.438e-02,3.644e-01,1.890e-03,1.2e-08
2,[0, 1],128,2,sin,100,True,2048,0.1,ReduceLROnPlateau-0.5-2,3163.00,30,1.282e+00,2.074e+00,4.647e-03,1.2e-08
2,[0, 1],128,2,sin,1000,False,2048,0.1,ReduceLROnPlateau-0.5-2,3317.00,30,7.349e-03,8.154e-03,3.367e-04,3.9e-04
2,[0, 1],128,2,sin,1000,True,2048,0.1,ReduceLROnPlateau-0.5-2,3136.00,30,1.179e+00,1.201e+00,1.182e-02,1.2e-08
2,[0, 1],128,2,sin,10000,False,2048,0.1,ReduceLROnPlateau-0.5-2,876.20,30,7.218e-03,6.873e-03,1.365e-04,3.9e-04
2,[0, 1],128,2,sin,10000,True,2048,0.1,ReduceLROnPlateau-0.5-2,875.00,30,2.466e-04,2.455e-04,2.692e-05,1.2e-08
2,[0, 1],128,2,sin,100000,False,2048,0.1,ReduceLROnPlateau-0.5-2,89.18,30,4.717e-03,4.778e-03,2.388e-04,1.6e-03
2,[0, 1],128,2,sin,100000,True,2048,0.1,ReduceLROnPlateau-0.5-2,87.18,30,9.557e-01,9.716e-01,2.308e-03,1.2e-08
2,[0, 1],128,2,sin,100,False,2048,0.001,None,3381.00,30,4.491e-03,6.311e-02,6.196e-04,1.0e-03
2,[0, 1],128,2,sin,100,True,2048,0.001,None,3209.00,30,3.961e-03,1.224e-02,2.551e-04,1.0e-03
2,[0, 1],128,2,sin,1000,False,2048,0.001,None,3367.00,30,1.060e-02,1.122e-02,1.169e-03,1.0e-03
2,[0, 1],128,2,sin,1000,True,2048,0.001,None,3178.00,30,3.466e-03,3.643e-03,1.333e-04,1.0e-03
2,[0, 1],128,2,sin,10000,False,2048,0.001,None,887.20,30,3.477e-03,3.991e-03,6.824e-04,1.0e-03
2,[0, 1],128,2,sin,10000,True,2048,0.001,None,879.00,30,4.630e-03,1.071e-02,1.528e-03,1.0e-03
2,[0, 1],128,2,sin,100000,False,2048,0.001,None,91.23,30,4.994e-03,3.488e-03,6.664e-04,1.0e-03
2,[0, 1],128,2,sin,100000,True,2048,0.001,None,89.14,30,2.610e-03,2.698e-03,3.286e-04,1.0e-03
2,[0, 1],128,2,sin,100,False,2048,0.1,ReduceLROnPlateau-0.1-10,3419.00,30,1.530e-01,2.571e+00,2.439e-02,1.0e-08
2,[0, 1],128,2,sin,100,True,2048,0.1,ReduceLROnPlateau-0.1-10,3254.00,30,2.534e-03,1.198e-02,1.610e-04,1.0e-08
2,[0, 1],128,2,sin,1000,False,2048,0.1,ReduceLROnPlateau-0.1-10,3413.00,30,4.047e-04,4.504e-04,6.273e-05,1.0e-08
2,[0, 1],128,2,sin,1000,True,2048,0.1,ReduceLROnPlateau-0.1-10,3218.00,30,4.386e-04,4.115e-04,3.995e-05,1.0e-03
2,[0, 1],128,2,sin,10000,False,2048,0.1,ReduceLROnPlateau-0.1-10,898.00,30,2.747e-01,2.694e-01,1.250e-03,1.0e-03
2,[0, 1],128,2,sin,10000,True,2048,0.1,ReduceLROnPlateau-0.1-10,875.00,30,3.110e-04,3.134e-04,3.103e-05,1.0e-08
2,[0, 1],128,2,sin,100000,False,2048,0.1,ReduceLROnPlateau-0.1-10,92.23,30,1.324e+03,1.341e+03,3.925e-01,1.0e-08
2,[0, 1],128,2,sin,100000,True,2048,0.1,ReduceLROnPlateau-0.1-10,89.70,30,2.880e+01,2.877e+01,4.502e-02,1.0e-08
5,[0, 1],512,1,sin,100000,True,64,0.0001,None,37.74,300,1.206e+03,1.218e+03,1.777e-01,1.0e-04
5,[0, 1],512,1,sin,100000,True,64,0.001,None,38.01,300,1.213e+03,1.218e+03,1.777e-01,1.0e-03
5,[0, 1],512,1,sin,100000,True,64,0.01,None,38.34,300,1.205e+03,1.218e+03,1.777e-01,1.0e-02
5,[0, 1],512,1,sin,100000,True,64,0.1,None,38.36,300,8.683e+01,4.708e+01,3.733e-02,1.0e-01
5,[0, 1],512,1,sin,100000,True,128,0.0001,None,76.06,300,1.207e+03,1.218e+03,1.777e-01,1.0e-04
5,[0, 1],512,1,sin,100000,True,128,0.001,None,76.00,300,1.205e+03,1.218e+03,1.777e-01,1.0e-03
5,[0, 1],512,1,sin,100000,True,128,0.01,None,76.08,300,1.208e+03,1.218e+03,1.777e-01,1.0e-02
5,[0, 1],512,1,sin,100000,True,128,0.1,None,75.94,300,4.972e+01,5.846e+00,1.159e-02,1.0e-01
5,[0, 1],512,1,sin,100000,True,256,0.0001,None,149.49,300,1.206e+03,1.218e+03,1.777e-01,1.0e-04
5,[0, 1],512,1,sin,100000,True,256,0.001,None,149.33,300,1.205e+03,1.218e+03,1.777e-01,1.0e-03
5,[0, 1],512,1,sin,100000,True,256,0.01,None,149.30,300,1.206e+03,1.218e+03,1.777e-01,1.0e-02
5,[0, 1],512,1,sin,100000,True,256,0.1,None,149.39,300,1.553e+01,3.747e+01,4.385e-02,1.0e-01
5,[0, 1],512,1,sin,100000,True,512,0.0001,None,290.27,300,1.206e+03,1.218e+03,1.777e-01,1.0e-04
5,[0, 1],512,1,sin,100000,True,512,0.001,None,290.09,300,1.184e+03,1.194e+03,1.759e-01,1.0e-03
5,[0, 1],512,1,sin,100000,True,512,0.01,None,289.88,300,4.076e-01,3.957e-01,2.108e-03,1.0e-02
5,[0, 1],512,1,sin,100000,True,512,0.1,None,290.05,300,4.947e-01,4.943e-01,1.418e-03,1.0e-01
5,[0, 1],512,1,sin,100000,True,1024,0.0001,None,532.79,300,1.206e+03,1.218e+03,1.777e-01,1.0e-04
5,[0, 1],512,1,sin,100000,True,1024,0.001,None,533.00,300,1.149e+03,1.161e+03,1.733e-01,1.0e-03
5,[0, 1],512,1,sin,100000,True,1024,0.01,None,533.00,300,2.374e-01,2.248e-01,1.361e-03,1.0e-02
5,[0, 1],512,1,sin,100000,True,1024,0.1,None,532.60,300,6.020e-01,1.524e+00,1.027e-02,1.0e-01
5,[0, 1],512,1,sin,100000,True,2048,0.0001,None,797.72,300,1.206e+03,1.218e+03,1.777e-01,1.0e-04
5,[0, 1],512,1,sin,100000,True,2048,0.001,None,797.29,300,1.126e+03,1.137e+03,1.713e-01,1.0e-03
5,[0, 1],512,1,sin,100000,True,2048,0.01,None,797.06,300,1.736e-01,1.728e-01,1.325e-03,1.0e-02
5,[0, 1],512,1,sin,100000,True,2048,0.1,None,797.29,300,1.576e-01,1.526e-01,9.410e-04,1.0e-01
5,[0, 1],512,1,sin,100000,True,4096,0.0001,None,1025.00,300,1.205e+03,1.218e+03,1.777e-01,1.0e-04
5,[0, 1],512,1,sin,100000,True,4096,0.001,None,1025.37,300,1.107e+03,1.119e+03,1.698e-01,1.0e-03
5,[0, 1],512,1,sin,100000,True,4096,0.01,None,1025.00,300,3.926e-01,3.857e-01,1.367e-03,1.0e-02
5,[0, 1],512,1,sin,100000,True,4096,0.1,None,1025.45,300,4.242e-01,3.964e-01,4.037e-03,1.0e-01
2,[0, 1],128,2,sin,10000,True,64,0.01,ExponentialLR-0.95,30.86,30,1.269e-02,1.138e-02,1.721e-03,2.1e-03
2,[0, 1],128,2,sin,10000,True,64,0.01,ReduceLROnPlateau-0.1-10,31.08,30,7.337e-01,2.042e-01,6.089e-03,1.0e-02
2,[0, 1],128,2,sin,10000,True,64,0.01,ReduceLROnPlateau-0.5-2,31.01,30,2.715e-03,2.722e-03,4.386e-04,3.1e-04
2,[0, 1],128,2,sin,10000,True,128,0.01,ExponentialLR-0.95,61.13,30,8.008e-04,8.026e-04,2.133e-04,4.4e-04
2,[0, 1],128,2,sin,10000,True,128,0.01,ReduceLROnPlateau-0.1-10,61.14,30,7.659e-04,7.413e-04,1.028e-04,1.0e-03
2,[0, 1],128,2,sin,10000,True,128,0.01,ReduceLROnPlateau-0.5-2,61.24,30,9.851e-04,9.678e-04,8.957e-05,1.6e-04
2,[0, 1],128,2,sin,10000,True,256,0.01,ExponentialLR-0.95,120.31,30,2.038e-03,1.997e-03,1.008e-04,2.1e-05
2,[0, 1],128,2,sin,10000,True,256,0.01,ReduceLROnPlateau-0.1-10,120.64,30,1.707e-03,1.162e-03,1.379e-04,1.0e-04
2,[0, 1],128,2,sin,10000,True,256,0.01,ReduceLROnPlateau-0.5-2,120.49,30,2.151e-03,2.074e-03,1.371e-04,1.6e-04
2,[0, 1],128,2,sin,10000,True,512,0.01,ExponentialLR-0.95,236.97,30,3.201e-03,3.202e-03,1.101e-04,5.5e-08
2,[0, 1],128,2,sin,10000,True,512,0.01,ReduceLROnPlateau-0.1-10,236.82,30,1.079e-03,6.280e-04,7.258e-05,1.0e-03
2,[0, 1],128,2,sin,10000,True,512,0.01,ReduceLROnPlateau-0.5-2,236.97,30,7.095e-04,7.023e-04,5.293e-05,1.6e-04
2,[0, 1],128,2,sin,10000,True,1024,0.01,ExponentialLR-0.95,456.92,30,1.961e-02,1.970e-02,3.394e-04,6.9e-13
2,[0, 1],128,2,sin,10000,True,1024,0.01,ReduceLROnPlateau-0.1-10,458.00,30,9.767e-04,9.786e-04,5.961e-05,1.0e-04
2,[0, 1],128,2,sin,10000,True,1024,0.01,ReduceLROnPlateau-0.5-2,457.72,30,1.215e-03,7.372e-04,5.524e-05,7.8e-05
2,[0, 1],128,2,sin,10000,True,2048,0.01,ExponentialLR-0.95,862.61,30,6.968e-02,7.091e-02,7.458e-04,6.3e-22
2,[0, 1],128,2,sin,10000,True,2048,0.01,ReduceLROnPlateau-0.1-10,863.20,30,1.974e-03,1.978e-03,8.510e-05,1.0e-04
2,[0, 1],128,2,sin,10000,True,2048,0.01,ReduceLROnPlateau-0.5-2,863.20,30,1.546e-03,1.562e-03,7.421e-05,7.8e-05
2,[0, 1],128,2,sin,10000,True,4096,0.01,ExponentialLR-0.95,1317.00,30,2.935e-01,3.039e-01,3.178e-03,4.8e-32
2,[0, 1],128,2,sin,10000,True,4096,0.01,ReduceLROnPlateau-0.1-10,1320.00,30,1.338e-03,1.005e-03,5.947e-05,1.0e-04
2,[0, 1],128,2,sin,10000,True,4096,0.01,ReduceLROnPlateau-0.5-2,1321.41,30,2.693e-03,1.909e-03,8.457e-05,3.1e-04
5,[0, 1],512,1,sin,100000,True,64,1,None,37.86,300,5.231e+06,1.151e+07,1.798e-01,1.0e+00
5,[0, 1],512,1,sin,100000,True,128,1,None,75.16,300,4.501e+06,6.741e+06,1.807e-01,1.0e+00
5,[0, 1],512,1,sin,100000,True,256,1,None,148.50,300,8.579e+05,1.689e+06,1.809e-01,1.0e+00
5,[0, 1],512,1,sin,100000,True,512,1,None,289.56,300,1.799e+05,1.772e+05,1.781e-01,1.0e+00
5,[0, 1],512,1,sin,100000,True,1024,1,None,534.37,300,2.012e+04,2.033e+04,1.778e-01,1.0e+00
5,[0, 1],512,1,sin,100000,True,2048,1,None,798.72,300,1.027e+03,8.190e+02,8.623e-02,1.0e+00
5,[0, 1],512,1,sin,100000,True,4096,1,None,1026.66,300,8.347e+01,2.394e+01,2.122e-02,1.0e+00
5,[0, 1],512,1,sin,100000,True,64,0.1,ExponentialLR-0.95,37.75,300,7.274e-01,5.547e-01,2.634e-03,1.5e-02
5,[0, 1],512,1,sin,100000,True,64,0.1,ReduceLROnPlateau-0.1-10,37.96,300,1.898e+00,1.128e+01,2.372e-02,1.0e-02
5,[0, 1],512,1,sin,100000,True,64,0.1,ReduceLROnPlateau-0.5-2,38.08,300,3.986e-01,3.796e-01,1.492e-03,1.6e-03
5,[0, 1],512,1,sin,100000,True,128,0.1,ExponentialLR-0.95,75.39,300,4.551e-01,4.512e-01,1.854e-03,2.1e-03
5,[0, 1],512,1,sin,100000,True,128,0.1,ReduceLROnPlateau-0.1-10,75.41,300,1.111e+00,3.623e-01,2.560e-03,1.0e-02
5,[0, 1],512,1,sin,100000,True,128,0.1,ReduceLROnPlateau-0.5-2,75.42,300,3.227e-01,4.249e-01,3.661e-03,3.1e-03
5,[0, 1],512,1,sin,100000,True,256,0.1,ExponentialLR-0.95,148.48,300,3.807e-01,3.813e-01,1.213e-03,5.0e-05
5,[0, 1],512,1,sin,100000,True,256,0.1,ReduceLROnPlateau-0.1-10,148.33,300,3.984e-01,3.981e-01,1.253e-03,1.0e-04
5,[0, 1],512,1,sin,100000,True,256,0.1,ReduceLROnPlateau-0.5-2,148.46,300,3.802e-01,3.817e-01,1.708e-03,1.6e-03
5,[0, 1],512,1,sin,100000,True,512,0.1,ExponentialLR-0.95,287.16,300,3.895e-01,3.889e-01,1.212e-03,4.0e-08
5,[0, 1],512,1,sin,100000,True,512,0.1,ReduceLROnPlateau-0.1-10,287.19,300,4.141e-01,4.133e-01,1.269e-03,1.0e-04
5,[0, 1],512,1,sin,100000,True,512,0.1,ReduceLROnPlateau-0.5-2,287.24,300,4.212e-01,4.202e-01,1.271e-03,1.2e-08
5,[0, 1],512,1,sin,100000,True,1024,0.1,ExponentialLR-0.95,531.02,300,4.186e-01,4.164e-01,1.259e-03,1.5e-13
5,[0, 1],512,1,sin,100000,True,1024,0.1,ReduceLROnPlateau-0.1-10,531.33,300,4.218e-01,4.211e-01,1.274e-03,1.0e-08
5,[0, 1],512,1,sin,100000,True,1024,0.1,ReduceLROnPlateau-0.5-2,531.36,300,4.253e-01,4.234e-01,1.282e-03,1.2e-08
5,[0, 1],512,1,sin,100000,True,2048,0.1,ExponentialLR-0.95,794.92,300,5.668e+02,5.712e+02,1.180e-01,2.1e-19
5,[0, 1],512,1,sin,100000,True,2048,0.1,ReduceLROnPlateau-0.1-10,794.88,300,4.222e-01,4.212e-01,1.279e-03,1.0e-08
5,[0, 1],512,1,sin,100000,True,2048,0.1,ReduceLROnPlateau-0.5-2,795.00,300,4.271e-01,4.257e-01,1.297e-03,1.2e-08
5,[0, 1],512,1,sin,100000,True,4096,0.1,ExponentialLR-0.95,1023.00,300,1.463e+02,1.468e+02,5.267e-02,1.7e-24
5,[0, 1],512,1,sin,100000,True,4096,0.1,ReduceLROnPlateau-0.1-10,1023.20,300,4.213e-01,4.214e-01,1.274e-03,1.0e-08
5,[0, 1],512,1,sin,100000,True,4096,0.1,ReduceLROnPlateau-0.5-2,1022.78,300,4.257e-01,4.249e-01,1.254e-03,1.2e-08
2,[0, 1],128,2,sin,100,False,512,0.01,ReduceLROnPlateau-0.1-10,3482.00,30,1.122e-01,1.681e-01,1.317e-03,1.0e-08
2,[0, 1],128,2,sin,100,True,512,0.01,ReduceLROnPlateau-0.1-10,3302.00,30,6.597e-03,9.963e-03,2.463e-04,1.0e-08
2,[0, 1],128,2,sin,1000,False,512,0.01,ReduceLROnPlateau-0.1-10,2075.51,30,1.299e-03,1.506e-03,7.974e-05,1.0e-08
2,[0, 1],128,2,sin,1000,True,512,0.01,ReduceLROnPlateau-0.1-10,1979.51,30,1.963e-03,2.195e-03,9.326e-05,1.0e-04
2,[0, 1],128,2,sin,10000,False,512,0.01,ReduceLROnPlateau-0.1-10,250.26,30,1.326e-03,1.401e-03,9.066e-05,1.0e-04
2,[0, 1],128,2,sin,10000,True,512,0.01,ReduceLROnPlateau-0.1-10,236.00,30,1.079e-03,6.280e-04,7.258e-05,1.0e-03
2,[0, 1],128,2,sin,100000,False,512,0.01,ReduceLROnPlateau-0.1-10,25.63,30,1.951e-03,1.903e-03,1.031e-04,1.0e-03
2,[0, 1],128,2,sin,100000,True,512,0.01,ReduceLROnPlateau-0.1-10,24.86,30,3.005e-01,1.813e+00,2.250e-02,1.0e-02
2,[0, 1],128,2,sin,100,False,512,0.001,None,3360.00,30,4.551e-03,6.352e-02,6.243e-04,1.0e-03
2,[0, 1],128,2,sin,100,True,512,0.001,None,3191.00,30,3.987e-03,1.233e-02,2.573e-04,1.0e-03
2,[0, 1],128,2,sin,1000,False,512,0.001,None,1997.00,30,3.601e-03,2.216e-03,2.536e-04,1.0e-03
2,[0, 1],128,2,sin,1000,True,512,0.001,None,1907.00,30,6.494e-03,6.171e-03,9.439e-04,1.0e-03
2,[0, 1],128,2,sin,10000,False,512,0.001,None,240.20,30,7.826e-03,4.295e-03,5.332e-04,1.0e-03
2,[0, 1],128,2,sin,10000,True,512,0.001,None,238.00,30,8.665e-03,3.398e-03,6.053e-04,1.0e-03
2,[0, 1],128,2,sin,100000,False,512,0.001,None,24.56,30,5.650e-03,5.002e-03,1.036e-03,1.0e-03
2,[0, 1],128,2,sin,100000,True,512,0.001,None,23.92,30,7.411e-03,4.287e-03,8.103e-04,1.0e-03
2,[0, 1],128,2,sin,100,False,512,0.0001,None,3448.00,30,6.123e+01,8.012e+01,1.621e-01,1.0e-04
2,[0, 1],128,2,sin,100,True,512,0.0001,None,3262.00,30,5.582e+00,7.210e+00,2.145e-02,1.0e-04
2,[0, 1],128,2,sin,1000,False,512,0.0001,None,2044.51,30,5.662e-01,5.297e-01,4.501e-03,1.0e-04
2,[0, 1],128,2,sin,1000,True,512,0.0001,None,1953.00,30,1.391e+00,1.411e+00,8.621e-03,1.0e-04
2,[0, 1],128,2,sin,10000,False,512,0.0001,None,246.61,30,4.712e-01,4.628e-01,2.654e-03,1.0e-04
2,[0, 1],128,2,sin,10000,True,512,0.0001,None,238.00,30,5.372e-01,5.206e-01,3.717e-03,1.0e-04
2,[0, 1],128,2,sin,100000,False,512,0.0001,None,25.17,30,3.995e-01,3.898e-01,2.830e-03,1.0e-04
2,[0, 1],128,2,sin,100000,True,512,0.0001,None,24.48,30,5.318e-01,5.137e-01,3.616e-03,1.0e-04
2,[0, 1],64,1,ELU,10000,True,512,0.01,ReduceLROnPlateau-0.1-10,274.56,30,4.463e+01,4.554e+01,2.309e-02,1.0e-08
2,[0, 1],64,1,sigmoid,10000,True,512,0.01,ReduceLROnPlateau-0.1-10,285.72,30,4.302e-01,4.451e-01,7.258e-04,1.0e-02
2,[0, 1],64,1,tanh,10000,True,512,0.01,ReduceLROnPlateau-0.1-10,288.41,30,9.791e-02,9.788e-02,1.132e-03,1.0e-02
2,[0, 1],64,1,sin,10000,True,512,0.01,ReduceLROnPlateau-0.1-10,283.61,30,3.462e-03,2.782e-03,7.244e-04,1.0e-02
2,[0, 1],64,1,atan,10000,True,512,0.01,ReduceLROnPlateau-0.1-10,261.72,30,6.133e-01,6.351e-01,2.022e-03,1.0e-02
2,[0, 1],64,2,ELU,10000,True,512,0.01,ReduceLROnPlateau-0.1-10,225.77,30,7.514e+02,7.477e+02,4.643e-01,1.0e-08
2,[0, 1],64,2,sigmoid,10000,True,512,0.01,ReduceLROnPlateau-0.1-10,240.10,30,4.495e-01,4.949e-01,3.346e-03,1.0e-02
2,[0, 1],64,2,tanh,10000,True,512,0.01,ReduceLROnPlateau-0.1-10,244.87,30,2.068e-01,2.176e-01,3.754e-04,1.0e-03
2,[0, 1],64,2,sin,10000,True,512,0.01,ReduceLROnPlateau-0.1-10,238.67,30,2.534e-03,2.473e-03,1.282e-04,1.0e-03
2,[0, 1],64,2,atan,10000,True,512,0.01,ReduceLROnPlateau-0.1-10,208.97,30,1.123e-01,1.559e-01,9.969e-03,1.0e-02
2,[0, 1],64,3,ELU,10000,True,512,0.01,ReduceLROnPlateau-0.1-10,194.61,30,1.536e+03,1.524e+03,5.417e-01,1.0e-08
2,[0, 1],64,3,sigmoid,10000,True,512,0.01,ReduceLROnPlateau-0.1-10,210.87,30,7.151e-02,7.668e-02,5.438e-04,1.0e-03
2,[0, 1],64,3,tanh,10000,True,512,0.01,ReduceLROnPlateau-0.1-10,216.41,30,1.796e-02,1.771e-02,3.537e-04,1.0e-03
2,[0, 1],64,3,sin,10000,True,512,0.01,ReduceLROnPlateau-0.1-10,209.00,30,6.558e-03,6.701e-03,2.427e-04,1.0e-03
2,[0, 1],64,3,atan,10000,True,512,0.01,ReduceLROnPlateau-0.1-10,176.41,30,2.501e-02,2.586e-02,3.122e-04,1.0e-03
2,[0, 1],64,4,ELU,10000,True,512,0.01,ReduceLROnPlateau-0.1-10,170.36,30,9.711e+02,9.607e+02,4.660e-01,1.0e-08
2,[0, 1],64,4,sigmoid,10000,True,512,0.01,ReduceLROnPlateau-0.1-10,186.67,30,1.114e-01,1.148e-01,1.123e-03,1.0e-03
2,[0, 1],64,4,tanh,10000,True,512,0.01,ReduceLROnPlateau-0.1-10,193.00,30,2.318e-02,2.455e-02,2.319e-04,1.0e-03
2,[0, 1],64,4,sin,10000,True,512,0.01,ReduceLROnPlateau-0.1-10,185.26,30,1.138e-02,1.138e-02,1.378e-04,1.0e-03
2,[0, 1],64,4,atan,10000,True,512,0.01,ReduceLROnPlateau-0.1-10,151.97,30,8.610e-02,9.452e-02,3.712e-04,1.0e-03
2,[0, 1],128,1,ELU,10000,True,512,0.01,ReduceLROnPlateau-0.1-10,277.41,30,4.331e+01,4.281e+01,2.563e-02,1.0e-08
2,[0, 1],128,1,sigmoid,10000,True,512,0.01,ReduceLROnPlateau-0.1-10,288.41,30,4.301e-02,4.296e-02,9.447e-04,1.0e-02
2,[0, 1],128,1,tanh,10000,True,512,0.01,ReduceLROnPlateau-0.1-10,292.77,30,1.292e-02,1.326e-02,9.926e-04,1.0e-02
2,[0, 1],128,1,sin,10000,True,512,0.01,ReduceLROnPlateau-0.1-10,287.97,30,2.149e-03,3.708e-03,9.638e-04,1.0e-02
2,[0, 1],128,1,atan,10000,True,512,0.01,ReduceLROnPlateau-0.1-10,265.72,30,5.398e-02,5.624e-02,2.170e-03,1.0e-02
2,[0, 1],128,2,ELU,10000,True,512,0.01,ReduceLROnPlateau-0.1-10,228.51,30,1.469e+03,1.458e+03,4.913e-01,1.0e-08
2,[0, 1],128,2,sigmoid,10000,True,512,0.01,ReduceLROnPlateau-0.1-10,242.72,30,1.366e-01,1.403e-01,3.409e-04,1.0e-03
2,[0, 1],128,2,tanh,10000,True,512,0.01,ReduceLROnPlateau-0.1-10,247.92,30,2.223e-01,2.358e-01,8.184e-04,1.0e-03
2,[0, 1],128,2,sin,10000,True,512,0.01,ReduceLROnPlateau-0.1-10,236.00,30,1.079e-03,6.280e-04,7.258e-05,1.0e-03
2,[0, 1],128,2,atan,10000,True,512,0.01,ReduceLROnPlateau-0.1-10,210.82,30,5.778e-01,6.095e-01,8.159e-04,1.0e-03
2,[0, 1],128,3,ELU,10000,True,512,0.01,ReduceLROnPlateau-0.1-10,194.77,30,9.341e+02,9.419e+02,3.751e-01,1.0e-08
2,[0, 1],128,3,sigmoid,10000,True,512,0.01,ReduceLROnPlateau-0.1-10,210.56,30,7.864e-02,7.898e-02,2.322e-04,1.0e-03
2,[0, 1],128,3,tanh,10000,True,512,0.01,ReduceLROnPlateau-0.1-10,216.36,30,6.831e-03,6.730e-03,1.064e-04,1.0e-03
2,[0, 1],128,3,sin,10000,True,512,0.01,ReduceLROnPlateau-0.1-10,208.87,30,3.577e-03,3.410e-03,2.008e-04,1.0e-03
2,[0, 1],128,3,atan,10000,True,512,0.01,ReduceLROnPlateau-0.1-10,176.00,30,1.162e-02,1.218e-02,2.894e-04,1.0e-03
2,[0, 1],128,4,ELU,10000,True,512,0.01,ReduceLROnPlateau-0.1-10,169.92,30,7.529e+01,7.807e+01,4.109e-02,1.0e-04
2,[0, 1],128,4,sigmoid,10000,True,512,0.01,ReduceLROnPlateau-0.1-10,186.56,30,1.997e-02,2.005e-02,2.421e-04,1.0e-03
2,[0, 1],128,4,tanh,10000,True,512,0.01,ReduceLROnPlateau-0.1-10,192.61,30,6.556e-03,6.462e-03,2.227e-04,1.0e-03
2,[0, 1],128,4,sin,10000,True,512,0.01,ReduceLROnPlateau-0.1-10,185.00,30,2.646e-01,2.647e-01,9.145e-04,1.0e-08
2,[0, 1],128,4,atan,10000,True,512,0.01,ReduceLROnPlateau-0.1-10,151.26,30,2.644e-02,2.607e-02,2.699e-04,1.0e-03
2,[0, 1],256,1,ELU,10000,True,512,0.01,ReduceLROnPlateau-0.1-10,278.41,30,1.288e+01,1.322e+01,1.013e-02,1.0e-08
2,[0, 1],256,1,sigmoid,10000,True,512,0.01,ReduceLROnPlateau-0.1-10,288.41,30,5.734e-03,6.351e-03,1.419e-03,1.0e-02
2,[0, 1],256,1,tanh,10000,True,512,0.01,ReduceLROnPlateau-0.1-10,291.67,30,1.415e-03,1.451e-03,4.193e-05,1.0e-03
2,[0, 1],256,1,sin,10000,True,512,0.01,ReduceLROnPlateau-0.1-10,286.87,30,4.808e-03,4.795e-03,1.923e-04,1.0e-03
2,[0, 1],256,1,atan,10000,True,512,0.01,ReduceLROnPlateau-0.1-10,264.41,30,1.232e-02,1.228e-02,1.044e-03,1.0e-02
2,[0, 1],256,2,ELU,10000,True,512,0.01,ReduceLROnPlateau-0.1-10,225.51,30,2.062e+02,2.070e+02,1.338e-01,1.0e-08
2,[0, 1],256,2,sigmoid,10000,True,512,0.01,ReduceLROnPlateau-0.1-10,239.46,30,1.468e-01,1.565e-01,3.182e-04,1.0e-03
2,[0, 1],256,2,tanh,10000,True,512,0.01,ReduceLROnPlateau-0.1-10,244.82,30,5.035e-02,5.537e-02,1.184e-03,1.0e-03
2,[0, 1],256,2,sin,10000,True,512,0.01,ReduceLROnPlateau-0.1-10,237.51,30,5.583e-03,4.263e-03,9.953e-04,1.0e-03
2,[0, 1],256,2,atan,10000,True,512,0.01,ReduceLROnPlateau-0.1-10,207.41,30,1.189e-01,1.096e-01,1.591e-03,1.0e-03
2,[0, 1],256,3,ELU,10000,True,512,0.01,ReduceLROnPlateau-0.1-10,190.82,30,1.065e+01,1.074e+01,5.465e-03,1.0e-08
2,[0, 1],256,3,sigmoid,10000,True,512,0.01,ReduceLROnPlateau-0.1-10,206.67,30,7.389e-03,7.308e-03,1.303e-04,1.0e-03
2,[0, 1],256,3,tanh,10000,True,512,0.01,ReduceLROnPlateau-0.1-10,212.31,30,8.798e-03,1.269e-02,1.562e-03,1.0e-03
2,[0, 1],256,3,sin,10000,True,512,0.01,ReduceLROnPlateau-0.1-10,204.97,30,1.129e-01,1.177e-01,2.974e-04,1.0e-08
2,[0, 1],256,3,atan,10000,True,512,0.01,ReduceLROnPlateau-0.1-10,172.05,30,6.151e-03,5.216e-03,3.411e-04,1.0e-03
2,[0, 1],256,4,ELU,10000,True,512,0.01,ReduceLROnPlateau-0.1-10,166.26,30,6.052e+02,5.903e+02,3.283e-01,1.0e-08
2,[0, 1],256,4,sigmoid,10000,True,512,0.01,ReduceLROnPlateau-0.1-10,182.26,30,5.256e-02,5.435e-02,6.230e-04,1.0e-03
2,[0, 1],256,4,tanh,10000,True,512,0.01,ReduceLROnPlateau-0.1-10,188.46,30,4.781e+02,4.612e+02,2.567e-01,1.0e-08
2,[0, 1],256,4,sin,10000,True,512,0.01,ReduceLROnPlateau-0.1-10,180.67,30,1.498e-03,1.520e-03,9.843e-05,1.0e-03
2,[0, 1],256,4,atan,10000,True,512,0.01,ReduceLROnPlateau-0.1-10,147.41,30,9.203e-03,8.315e-03,1.321e-04,1.0e-03
2,[0, 1],512,1,ELU,10000,True,512,0.01,ReduceLROnPlateau-0.1-10,275.00,30,7.897e+00,8.035e+00,6.709e-03,1.0e-08
2,[0, 1],512,1,sigmoid,10000,True,512,0.01,ReduceLROnPlateau-0.1-10,285.41,30,2.150e-02,1.826e-02,2.673e-03,1.0e-02
2,[0, 1],512,1,tanh,10000,True,512,0.01,ReduceLROnPlateau-0.1-10,288.61,30,8.288e-03,2.687e-03,4.505e-04,1.0e-02
2,[0, 1],512,1,sin,10000,True,512,0.01,ReduceLROnPlateau-0.1-10,283.26,30,3.948e-03,3.954e-03,1.185e-04,1.0e-03
2,[0, 1],512,1,atan,10000,True,512,0.01,ReduceLROnPlateau-0.1-10,259.51,30,9.307e-03,9.668e-03,1.077e-04,1.0e-03
2,[0, 1],512,2,ELU,10000,True,512,0.01,ReduceLROnPlateau-0.1-10,216.51,30,1.226e+03,1.216e+03,4.449e-01,1.0e-08
2,[0, 1],512,2,sigmoid,10000,True,512,0.01,ReduceLROnPlateau-0.1-10,230.26,30,1.039e-01,1.047e-01,4.047e-04,1.0e-03
2,[0, 1],512,2,tanh,10000,True,512,0.01,ReduceLROnPlateau-0.1-10,235.46,30,3.156e-03,3.392e-03,3.987e-05,1.0e-04
2,[0, 1],512,2,sin,10000,True,512,0.01,ReduceLROnPlateau-0.1-10,228.56,30,1.145e-03,1.098e-03,9.474e-05,1.0e-03
2,[0, 1],512,2,atan,10000,True,512,0.01,ReduceLROnPlateau-0.1-10,198.87,30,3.653e-02,3.935e-02,1.449e-04,1.0e-04
2,[0, 1],512,3,ELU,10000,True,512,0.01,ReduceLROnPlateau-0.1-10,178.92,30,2.910e+02,2.917e+02,2.031e-01,1.0e-08
2,[0, 1],512,3,sigmoid,10000,True,512,0.01,ReduceLROnPlateau-0.1-10,192.92,30,3.932e-01,4.072e-01,9.722e-04,1.0e-03
2,[0, 1],512,3,tanh,10000,True,512,0.01,ReduceLROnPlateau-0.1-10,198.31,30,3.887e-02,4.007e-02,1.344e-04,1.0e-04
2,[0, 1],512,3,sin,10000,True,512,0.01,ReduceLROnPlateau-0.1-10,191.87,30,3.721e+02,3.694e+02,2.183e-01,1.0e-08
2,[0, 1],512,3,atan,10000,True,512,0.01,ReduceLROnPlateau-0.1-10,162.36,30,1.316e+01,1.257e+01,2.798e-02,1.0e-08
2,[0, 1],512,4,ELU,10000,True,512,0.01,ReduceLROnPlateau-0.1-10,150.97,30,1.734e+02,1.782e+02,9.873e-02,1.0e-08
2,[0, 1],512,4,sigmoid,10000,True,512,0.01,ReduceLROnPlateau-0.1-10,162.41,30,2.268e-02,2.180e-02,3.970e-04,1.0e-03
2,[0, 1],512,4,tanh,10000,True,512,0.01,ReduceLROnPlateau-0.1-10,168.00,30,8.954e+02,8.778e+02,3.709e-01,1.0e-08
2,[0, 1],512,4,sin,10000,True,512,0.01,ReduceLROnPlateau-0.1-10,161.97,30,1.140e+03,1.125e+03,4.215e-01,1.0e-08
2,[0, 1],512,4,atan,10000,True,512,0.01,ReduceLROnPlateau-0.1-10,136.00,30,4.397e-01,4.551e-01,4.049e-04,1.0e-04
2,[0, 1],1024,1,ELU,10000,True,512,0.01,ReduceLROnPlateau-0.1-10,269.36,30,1.360e+00,1.428e+00,1.673e-03,1.0e-08
2,[0, 1],1024,1,sigmoid,10000,True,512,0.01,ReduceLROnPlateau-0.1-10,280.15,30,1.438e-02,1.471e-02,1.551e-04,1.0e-02
2,[0, 1],1024,1,tanh,10000,True,512,0.01,ReduceLROnPlateau-0.1-10,283.46,30,8.064e-03,8.316e-03,1.462e-04,1.0e-03
2,[0, 1],1024,1,sin,10000,True,512,0.01,ReduceLROnPlateau-0.1-10,277.36,30,2.480e-03,1.535e-03,8.478e-05,1.0e-03
2,[0, 1],1024,1,atan,10000,True,512,0.01,ReduceLROnPlateau-0.1-10,252.46,30,1.831e-01,1.064e-01,1.565e-02,1.0e-02
2,[0, 1],1024,2,ELU,10000,True,512,0.01,ReduceLROnPlateau-0.1-10,149.31,30,8.093e+01,8.286e+01,4.342e-02,1.0e-03
2,[0, 1],1024,2,sigmoid,10000,True,512,0.01,ReduceLROnPlateau-0.1-10,159.15,30,2.656e-01,2.758e-01,4.202e-04,1.0e-03
2,[0, 1],1024,2,tanh,10000,True,512,0.01,ReduceLROnPlateau-0.1-10,163.15,30,3.474e-03,3.148e-03,1.660e-04,1.0e-03
2,[0, 1],1024,2,sin,10000,True,512,0.01,ReduceLROnPlateau-0.1-10,159.56,30,1.986e-03,2.068e-03,4.963e-05,1.0e-08
2,[0, 1],1024,2,atan,10000,True,512,0.01,ReduceLROnPlateau-0.1-10,137.67,30,8.243e-03,9.258e-03,2.162e-04,1.0e-03
2,[0, 1],1024,3,ELU,10000,True,512,0.01,ReduceLROnPlateau-0.1-10,99.56,30,7.583e+02,7.704e+02,3.355e-01,1.0e-08
2,[0, 1],1024,3,sigmoid,10000,True,512,0.01,ReduceLROnPlateau-0.1-10,106.00,30,8.354e-01,8.409e-01,3.176e-03,1.0e-03
2,[0, 1],1024,3,tanh,10000,True,512,0.01,ReduceLROnPlateau-0.1-10,108.82,30,1.037e+03,1.021e+03,4.027e-01,1.0e-08
2,[0, 1],1024,3,sin,10000,True,512,0.01,ReduceLROnPlateau-0.1-10,106.36,30,4.732e+08,9.854e+08,5.027e-01,1.0e-08
2,[0, 1],1024,3,atan,10000,True,512,0.01,ReduceLROnPlateau-0.1-10,91.72,30,6.232e+00,6.460e+00,3.309e-03,1.0e-03
2,[0, 1],1024,4,ELU,10000,True,512,0.01,ReduceLROnPlateau-0.1-10,74.15,30,7.432e+02,7.245e+02,3.292e-01,1.0e-07
2,[0, 1],1024,4,sigmoid,10000,True,512,0.01,ReduceLROnPlateau-0.1-10,79.15,30,7.817e+00,7.586e+00,2.339e-02,1.0e-03
2,[0, 1],1024,4,tanh,10000,True,512,0.01,ReduceLROnPlateau-0.1-10,81.00,30,2.652e+02,2.480e+02,1.793e-01,1.0e-03
2,[0, 1],1024,4,sin,10000,True,512,0.01,ReduceLROnPlateau-0.1-10,79.31,30,8.871e+13,2.503e+14,5.184e-01,1.0e-08
2,[0, 1],1024,4,atan,10000,True,512,0.01,ReduceLROnPlateau-0.1-10,68.67,30,5.480e+00,5.289e+00,5.307e-03,1.0e-03
2,[0, 1],2048,1,ELU,10000,True,512,0.01,ReduceLROnPlateau-0.1-10,245.31,30,5.540e-01,5.606e-01,1.254e-03,1.0e-04
2,[0, 1],2048,1,sigmoid,10000,True,512,0.01,ReduceLROnPlateau-0.1-10,265.92,30,2.474e-02,2.577e-02,2.742e-04,1.0e-03
2,[0, 1],2048,1,tanh,10000,True,512,0.01,ReduceLROnPlateau-0.1-10,270.67,30,9.568e-03,9.259e-03,1.757e-04,1.0e-03
2,[0, 1],2048,1,sin,10000,True,512,0.01,ReduceLROnPlateau-0.1-10,261.00,30,3.016e-03,2.750e-03,1.144e-04,1.0e-03
2,[0, 1],2048,1,atan,10000,True,512,0.01,ReduceLROnPlateau-0.1-10,213.87,30,2.134e-02,2.196e-02,2.464e-04,1.0e-03
2,[0, 1],2048,2,ELU,10000,True,512,0.01,ReduceLROnPlateau-0.1-10,68.82,30,1.800e+02,1.851e+02,8.203e-02,1.0e-03
2,[0, 1],2048,2,sigmoid,10000,True,512,0.01,ReduceLROnPlateau-0.1-10,72.46,30,1.322e+03,1.308e+03,4.639e-01,1.0e-03
2,[0, 1],2048,2,tanh,10000,True,512,0.01,ReduceLROnPlateau-0.1-10,73.82,30,1.519e+03,1.507e+03,4.979e-01,1.0e-08
2,[0, 1],2048,2,sin,10000,True,512,0.01,ReduceLROnPlateau-0.1-10,72.20,30,4.114e-03,3.870e-03,8.722e-05,1.0e-03
2,[0, 1],2048,2,atan,10000,True,512,0.01,ReduceLROnPlateau-0.1-10,63.61,30,2.542e-02,2.577e-02,7.062e-04,1.0e-03
2,[0, 1],2048,3,ELU,10000,True,512,0.01,ReduceLROnPlateau-0.1-10,40.00,30,1.550e+02,1.532e+02,6.711e-02,1.0e-02
2,[0, 1],2048,3,sigmoid,10000,True,512,0.01,ReduceLROnPlateau-0.1-10,41.92,30,1.519e+03,1.507e+03,4.979e-01,1.0e-05
2,[0, 1],2048,3,tanh,10000,True,512,0.01,ReduceLROnPlateau-0.1-10,42.72,30,1.519e+03,1.506e+03,4.978e-01,1.0e-05
2,[0, 1],2048,3,sin,10000,True,512,0.01,ReduceLROnPlateau-0.1-10,41.72,30,1.912e+07,6.640e+07,5.004e-01,1.0e-05
2,[0, 1],2048,3,atan,10000,True,512,0.01,ReduceLROnPlateau-0.1-10,37.26,30,8.035e+02,8.472e+02,3.236e-01,1.0e-03
2,[0, 1],2048,4,ELU,10000,True,512,0.01,ReduceLROnPlateau-0.1-10,28.05,30,3.205e+02,3.038e+02,1.720e-01,1.0e-03
2,[0, 1],2048,4,sigmoid,10000,True,512,0.01,ReduceLROnPlateau-0.1-10,29.41,30,1.519e+03,1.507e+03,4.979e-01,1.0e-04
2,[0, 1],2048,4,tanh,10000,True,512,0.01,ReduceLROnPlateau-0.1-10,30.00,30,1.505e+03,1.483e+03,4.938e-01,1.0e-03
2,[0, 1],2048,4,sin,10000,True,512,0.01,ReduceLROnPlateau-0.1-10,29.20,30,4.008e+14,4.418e+14,5.045e-01,1.0e-04
2,[0, 1],2048,4,atan,10000,True,512,0.01,ReduceLROnPlateau-0.1-10,26.36,30,1.082e+03,1.061e+03,4.130e-01,1.0e-03
5,[0, 1],512,1,sin,10000,False,2048,0.01,None,7969.82,300,8.661e-02,9.647e-02,1.446e-03,1.0e-02
5,[0, 1],512,1,sin,10000,True,2048,0.01,None,7731.82,300,8.249e-02,8.921e-02,1.521e-03,1.0e-02
5,[0, 1],512,1,sin,100000,False,2048,0.01,None,816.16,300,2.913e-01,2.940e-01,1.758e-03,1.0e-02
5,[0, 1],512,1,sin,100000,True,2048,0.01,None,797.00,300,1.736e-01,1.728e-01,1.325e-03,1.0e-02
5,[0, 1],512,1,sin,1000000,False,2048,0.01,None,81.90,301,1.205e+03,1.208e+03,1.770e-01,1.0e-02
5,[0, 1],512,1,sin,1000000,True,2048,0.01,None,80.00,300,1.205e+03,1.208e+03,1.770e-01,1.0e-02
5,[0, 1],64,1,ELU,10000,True,2048,0.01,None,9969.00,300,1.098e+03,1.114e+03,1.672e-01,1.0e-02
5,[0, 1],64,1,sigmoid,10000,True,2048,0.01,None,10402.41,300,9.348e+02,1.105e+03,1.663e-01,1.0e-02
5,[0, 1],64,1,tanh,10000,True,2048,0.01,None,10594.82,300,8.101e+02,9.408e+02,1.522e-01,1.0e-02
5,[0, 1],64,1,sin,10000,True,2048,0.01,None,10393.20,300,1.571e+01,1.639e+01,1.598e-02,1.0e-02
5,[0, 1],64,1,atan,10000,True,2048,0.01,None,9581.61,300,7.929e+02,9.420e+02,1.474e-01,1.0e-02
5,[0, 1],64,2,ELU,10000,True,2048,0.01,None,8238.61,300,1.208e+03,1.204e+03,1.767e-01,1.0e-02
5,[0, 1],64,2,sigmoid,10000,True,2048,0.01,None,8773.00,300,9.206e+02,1.898e+03,1.799e-01,1.0e-02
5,[0, 1],64,2,tanh,10000,True,2048,0.01,None,8882.61,300,9.398e+02,1.614e+03,1.772e-01,1.0e-02
5,[0, 1],64,2,sin,10000,True,2048,0.01,None,8697.00,300,8.759e+00,1.171e+01,7.902e-03,1.0e-02
5,[0, 1],64,2,atan,10000,True,2048,0.01,None,7597.41,300,1.145e+03,1.420e+03,1.767e-01,1.0e-02
5,[0, 1],64,3,ELU,10000,True,2048,0.01,None,6997.00,300,1.209e+03,1.204e+03,1.767e-01,1.0e-02
5,[0, 1],64,3,sigmoid,10000,True,2048,0.01,None,7591.00,300,8.891e+02,1.752e+03,1.804e-01,1.0e-02
5,[0, 1],64,3,tanh,10000,True,2048,0.01,None,7816.00,300,1.209e+03,1.204e+03,1.767e-01,1.0e-02
5,[0, 1],64,3,sin,10000,True,2048,0.01,None,7535.82,300,2.009e+01,3.221e+01,2.060e-02,1.0e-02
5,[0, 1],64,3,atan,10000,True,2048,0.01,None,6334.00,300,2.440e+02,3.004e+02,8.690e-02,1.0e-02
5,[0, 1],64,4,ELU,10000,True,2048,0.01,None,6098.82,300,1.208e+03,1.204e+03,1.767e-01,1.0e-02
5,[0, 1],64,4,sigmoid,10000,True,2048,0.01,None,6706.00,300,1.209e+03,1.204e+03,1.767e-01,1.0e-02
5,[0, 1],64,4,tanh,10000,True,2048,0.01,None,6941.41,300,1.202e+03,1.204e+03,1.767e-01,1.0e-02
5,[0, 1],64,4,sin,10000,True,2048,0.01,None,6641.20,300,9.587e+01,7.101e+02,9.430e-02,1.0e-02
5,[0, 1],64,4,atan,10000,True,2048,0.01,None,5435.82,300,1.208e+03,1.204e+03,1.767e-01,1.0e-02
5,[0, 1],128,1,ELU,10000,True,2048,0.01,None,9918.61,300,1.003e+03,1.042e+03,1.604e-01,1.0e-02
5,[0, 1],128,1,sigmoid,10000,True,2048,0.01,None,10304.00,300,8.593e+02,1.105e+03,1.611e-01,1.0e-02
5,[0, 1],128,1,tanh,10000,True,2048,0.01,None,10417.20,300,4.438e+02,6.635e+02,1.151e-01,1.0e-02
5,[0, 1],128,1,sin,10000,True,2048,0.01,None,10187.00,300,3.037e-01,3.241e-01,1.933e-03,1.0e-02
5,[0, 1],128,1,atan,10000,True,2048,0.01,None,9335.20,300,5.870e+02,9.227e+02,1.341e-01,1.0e-02
5,[0, 1],128,2,ELU,10000,True,2048,0.01,None,7675.61,300,1.208e+03,1.204e+03,1.767e-01,1.0e-02
5,[0, 1],128,2,sigmoid,10000,True,2048,0.01,None,8388.82,300,7.952e+02,1.895e+03,1.804e-01,1.0e-02
5,[0, 1],128,2,tanh,10000,True,2048,0.01,None,8608.00,300,6.237e+02,2.119e+03,1.761e-01,1.0e-02
5,[0, 1],128,2,sin,10000,True,2048,0.01,None,8335.82,300,8.303e+00,8.829e+00,1.057e-02,1.0e-02
5,[0, 1],128,2,atan,10000,True,2048,0.01,None,7034.00,300,1.209e+03,1.204e+03,1.767e-01,1.0e-02
5,[0, 1],128,3,ELU,10000,True,2048,0.01,None,6066.41,300,1.202e+03,1.204e+03,1.767e-01,1.0e-02
5,[0, 1],128,3,sigmoid,10000,True,2048,0.01,None,6777.20,300,4.368e+02,2.300e+03,1.722e-01,1.0e-02
5,[0, 1],128,3,tanh,10000,True,2048,0.01,None,7109.61,300,1.208e+03,1.204e+03,1.767e-01,1.0e-02
5,[0, 1],128,3,sin,10000,True,2048,0.01,None,6825.61,300,1.148e+01,1.584e+01,1.485e-02,1.0e-02
5,[0, 1],128,3,atan,10000,True,2048,0.01,None,5462.82,300,1.208e+03,1.204e+03,1.767e-01,1.0e-02
5,[0, 1],128,4,ELU,10000,True,2048,0.01,None,5003.20,300,1.209e+03,1.202e+03,1.768e-01,1.0e-02
5,[0, 1],128,4,sigmoid,10000,True,2048,0.01,None,5660.20,300,1.210e+03,1.204e+03,1.767e-01,1.0e-02
5,[0, 1],128,4,tanh,10000,True,2048,0.01,None,5987.00,300,1.209e+03,1.204e+03,1.767e-01,1.0e-02
5,[0, 1],128,4,sin,10000,True,2048,0.01,None,5718.00,300,2.035e+01,3.054e+02,6.754e-02,1.0e-02
5,[0, 1],128,4,atan,10000,True,2048,0.01,None,4463.00,300,1.209e+03,1.204e+03,1.767e-01,1.0e-02
5,[0, 1],256,1,ELU,10000,True,2048,0.01,None,8911.41,300,8.078e+02,8.596e+02,1.343e-01,1.0e-02
5,[0, 1],256,1,sigmoid,10000,True,2048,0.01,None,9893.00,300,4.844e+02,1.032e+03,1.400e-01,1.0e-02
5,[0, 1],256,1,tanh,10000,True,2048,0.01,None,10148.00,300,1.820e+02,5.681e+02,8.953e-02,1.0e-02
5,[0, 1],256,1,sin,10000,True,2048,0.01,None,9855.00,300,1.871e-01,2.099e-01,1.943e-03,1.0e-02
5,[0, 1],256,1,atan,10000,True,2048,0.01,None,8136.00,300,3.281e+02,1.013e+03,1.172e-01,1.0e-02
5,[0, 1],256,2,ELU,10000,True,2048,0.01,None,5271.61,300,1.206e+03,1.201e+03,1.766e-01,1.0e-02
5,[0, 1],256,2,sigmoid,10000,True,2048,0.01,None,6012.41,300,6.633e+02,1.991e+03,1.747e-01,1.0e-02
5,[0, 1],256,2,tanh,10000,True,2048,0.01,None,6342.82,300,1.208e+03,1.204e+03,1.767e-01,1.0e-02
5,[0, 1],256,2,sin,10000,True,2048,0.01,None,6081.00,300,1.975e+00,3.581e+00,8.129e-03,1.0e-02
5,[0, 1],256,2,atan,10000,True,2048,0.01,None,4742.61,300,1.208e+03,1.204e+03,1.767e-01,1.0e-02
5,[0, 1],256,3,ELU,10000,True,2048,0.01,None,3789.00,300,1.046e+03,1.067e+03,1.701e-01,1.0e-02
5,[0, 1],256,3,sigmoid,10000,True,2048,0.01,None,4360.00,300,9.422e+01,2.060e+03,1.598e-01,1.0e-02
5,[0, 1],256,3,tanh,10000,True,2048,0.01,None,4622.20,300,1.210e+03,1.204e+03,1.767e-01,1.0e-02
5,[0, 1],256,3,sin,10000,True,2048,0.01,None,4424.41,300,4.162e+01,3.698e+01,3.036e-02,1.0e-02
5,[0, 1],256,3,atan,10000,True,2048,0.01,None,3376.20,300,1.210e+03,1.204e+03,1.767e-01,1.0e-02
5,[0, 1],256,4,ELU,10000,True,2048,0.01,None,2952.00,300,1.209e+03,1.204e+03,1.767e-01,1.0e-02
5,[0, 1],256,4,sigmoid,10000,True,2048,0.01,None,3417.41,300,1.202e+03,1.204e+03,1.767e-01,1.0e-02
5,[0, 1],256,4,tanh,10000,True,2048,0.01,None,3633.41,300,1.202e+03,1.204e+03,1.767e-01,1.0e-02
5,[0, 1],256,4,sin,10000,True,2048,0.01,None,3472.82,300,3.705e+08,1.186e+10,1.767e-01,1.0e-02
5,[0, 1],256,4,atan,10000,True,2048,0.01,None,2621.41,300,1.202e+03,1.204e+03,1.767e-01,1.0e-02
5,[0, 1],512,1,ELU,10000,True,2048,0.01,None,6593.82,300,5.681e+02,6.134e+02,1.010e-01,1.0e-02
5,[0, 1],512,1,sigmoid,10000,True,2048,0.01,None,7677.61,300,1.992e+02,7.338e+02,1.093e-01,1.0e-02
5,[0, 1],512,1,tanh,10000,True,2048,0.01,None,8168.41,300,2.225e+01,1.257e+02,2.847e-02,1.0e-02
5,[0, 1],512,1,sin,10000,True,2048,0.01,None,7731.00,300,8.249e-02,8.921e-02,1.521e-03,1.0e-02
5,[0, 1],512,1,atan,10000,True,2048,0.01,None,5769.41,300,1.055e+02,6.759e+02,7.297e-02,1.0e-02
5,[0, 1],512,2,ELU,10000,True,2048,0.01,None,2930.61,300,1.191e+03,1.191e+03,1.761e-01,1.0e-02
5,[0, 1],512,2,sigmoid,10000,True,2048,0.01,None,3358.82,300,1.208e+03,1.204e+03,1.767e-01,1.0e-02
5,[0, 1],512,2,tanh,10000,True,2048,0.01,None,3549.41,300,1.202e+03,1.204e+03,1.767e-01,1.0e-02
5,[0, 1],512,2,sin,10000,True,2048,0.01,None,3389.61,300,1.025e+01,9.130e+00,1.493e-02,1.0e-02
5,[0, 1],512,2,atan,10000,True,2048,0.01,None,2603.20,300,1.210e+03,1.204e+03,1.767e-01,1.0e-02
5,[0, 1],512,3,ELU,10000,True,2048,0.01,None,1889.41,300,1.201e+03,1.203e+03,1.772e-01,1.0e-02
5,[0, 1],512,3,sigmoid,10000,True,2048,0.01,None,2155.00,300,1.209e+03,1.204e+03,1.767e-01,1.0e-02
5,[0, 1],512,3,tanh,10000,True,2048,0.01,None,2274.61,300,1.208e+03,1.204e+03,1.767e-01,1.0e-02
5,[0, 1],512,3,sin,10000,True,2048,0.01,None,2177.00,300,8.766e+05,9.177e+05,1.767e-01,1.0e-02
5,[0, 1],512,3,atan,10000,True,2048,0.01,None,1684.61,300,1.208e+03,1.204e+03,1.767e-01,1.0e-02
5,[0, 1],512,4,ELU,10000,True,2048,0.01,None,1392.00,300,1.210e+03,1.204e+03,1.767e-01,1.0e-02
5,[0, 1],512,4,sigmoid,10000,True,2048,0.01,None,1584.00,300,1.209e+03,1.204e+03,1.767e-01,1.0e-02
5,[0, 1],512,4,tanh,10000,True,2048,0.01,None,1670.00,300,1.209e+03,1.204e+03,1.767e-01,1.0e-02
5,[0, 1],512,4,sin,10000,True,2048,0.01,None,1600.00,300,1.785e+06,3.889e+07,1.767e-01,1.0e-02
5,[0, 1],512,4,atan,10000,True,2048,0.01,None,1244.20,300,1.210e+03,1.204e+03,1.767e-01,1.0e-02
5,[0, 1],1024,1,ELU,10000,True,2048,0.01,None,4208.41,300,5.640e+02,6.039e+02,1.039e-01,1.0e-02
5,[0, 1],1024,1,sigmoid,10000,True,2048,0.01,None,5101.00,300,8.762e+01,2.994e+02,6.572e-02,1.0e-02
5,[0, 1],1024,1,tanh,10000,True,2048,0.01,None,5542.61,300,6.627e+00,5.896e+01,1.717e-02,1.0e-02
5,[0, 1],1024,1,sin,10000,True,2048,0.01,None,5153.61,300,2.767e-01,2.715e-01,1.539e-03,1.0e-02
5,[0, 1],1024,1,atan,10000,True,2048,0.01,None,3570.00,300,2.914e+01,3.536e+02,5.707e-02,1.0e-02
5,[0, 1],1024,2,ELU,10000,True,2048,0.01,None,1251.00,300,1.116e+03,1.118e+03,1.724e-01,1.0e-02
5,[0, 1],1024,2,sigmoid,10000,True,2048,0.01,None,1398.00,300,1.209e+03,1.204e+03,1.767e-01,1.0e-02
5,[0, 1],1024,2,tanh,10000,True,2048,0.01,None,1463.00,300,1.209e+03,1.204e+03,1.767e-01,1.0e-02
5,[0, 1],1024,2,sin,10000,True,2048,0.01,None,1409.00,300,4.667e+01,4.314e+01,3.650e-02,1.0e-02
5,[0, 1],1024,2,atan,10000,True,2048,0.01,None,1131.82,300,1.208e+03,1.204e+03,1.767e-01,1.0e-02
5,[0, 1],1024,3,ELU,10000,True,2048,0.01,None,733.41,300,1.201e+03,1.204e+03,1.794e-01,1.0e-02
5,[0, 1],1024,3,sigmoid,10000,True,2048,0.01,None,808.61,300,1.208e+03,1.204e+03,1.767e-01,1.0e-02
5,[0, 1],1024,3,tanh,10000,True,2048,0.01,None,841.20,300,1.210e+03,1.204e+03,1.767e-01,1.0e-02
5,[0, 1],1024,3,sin,10000,True,2048,0.01,None,815.00,300,2.864e+06,3.885e+06,1.767e-01,1.0e-02
5,[0, 1],1024,3,atan,10000,True,2048,0.01,None,671.20,300,1.210e+03,1.204e+03,1.767e-01,1.0e-02
5,[0, 1],1024,4,ELU,10000,True,2048,0.01,None,519.00,300,1.210e+03,1.204e+03,1.770e-01,1.0e-02
5,[0, 1],1024,4,sigmoid,10000,True,2048,0.01,None,568.82,300,1.208e+03,1.204e+03,1.767e-01,1.0e-02
5,[0, 1],1024,4,tanh,10000,True,2048,0.01,None,590.20,300,1.210e+03,1.204e+03,1.767e-01,1.0e-02
5,[0, 1],1024,4,sin,10000,True,2048,0.01,None,573.00,300,5.456e+04,4.015e+06,1.767e-01,1.0e-02
5,[0, 1],1024,4,atan,10000,True,2048,0.01,None,477.20,300,1.210e+03,1.204e+03,1.767e-01,1.0e-02
5,[0, 1],2048,1,ELU,10000,True,2048,0.01,None,2555.41,300,2.711e+02,2.859e+02,5.717e-02,1.0e-02
5,[0, 1],2048,1,sigmoid,10000,True,2048,0.01,None,3229.00,300,3.812e+01,7.862e+01,2.980e-02,1.0e-02
5,[0, 1],2048,1,tanh,10000,True,2048,0.01,None,3584.82,300,2.775e+00,5.562e+00,5.383e-03,1.0e-02
5,[0, 1],2048,1,sin,10000,True,2048,0.01,None,3271.00,300,3.725e-01,3.729e-01,1.573e-03,1.0e-02
5,[0, 1],2048,1,atan,10000,True,2048,0.01,None,2103.20,300,6.358e+00,3.585e+01,1.368e-02,1.0e-02
5,[0, 1],2048,2,ELU,10000,True,2048,0.01,None,423.20,300,1.211e+03,1.204e+03,1.767e-01,1.0e-02
5,[0, 1],2048,2,sigmoid,10000,True,2048,0.01,None,455.20,300,1.210e+03,1.204e+03,1.767e-01,1.0e-02
5,[0, 1],2048,2,tanh,10000,True,2048,0.01,None,468.41,300,1.202e+03,1.204e+03,1.767e-01,1.0e-02
5,[0, 1],2048,2,sin,10000,True,2048,0.01,None,457.61,300,9.512e+01,8.991e+01,5.143e-02,1.0e-02
5,[0, 1],2048,2,atan,10000,True,2048,0.01,None,395.41,300,1.202e+03,1.204e+03,1.767e-01,1.0e-02
5,[0, 1],2048,3,ELU,10000,True,2048,0.01,None,230.61,300,1.230e+03,1.231e+03,1.824e-01,1.0e-02
5,[0, 1],2048,3,sigmoid,10000,True,2048,0.01,None,245.00,300,1.209e+03,1.204e+03,1.767e-01,1.0e-02
5,[0, 1],2048,3,tanh,10000,True,2048,0.01,None,250.82,300,1.208e+03,1.204e+03,1.767e-01,1.0e-02
5,[0, 1],2048,3,sin,10000,True,2048,0.01,None,245.41,300,1.824e+07,1.408e+07,1.767e-01,1.0e-02
5,[0, 1],2048,3,atan,10000,True,2048,0.01,None,217.82,300,1.208e+03,1.204e+03,1.767e-01,1.0e-02
5,[0, 1],2048,4,ELU,10000,True,2048,0.01,None,158.41,301,1.205e+03,1.204e+03,1.773e-01,1.0e-02
5,[0, 1],2048,4,sigmoid,10000,True,2048,0.01,None,167.61,301,1.208e+03,1.204e+03,1.767e-01,1.0e-02
5,[0, 1],2048,4,tanh,10000,True,2048,0.01,None,171.00,300,1.209e+03,1.204e+03,1.767e-01,1.0e-02
5,[0, 1],2048,4,sin,10000,True,2048,0.01,None,167.82,301,1.649e+16,7.970e+15,1.767e-01,1.0e-02
5,[0, 1],2048,4,atan,10000,True,2048,0.01,None,150.41,301,1.202e+03,1.204e+03,1.767e-01,1.0e-02
