,elapsed_time,MSE_f_train,MSE_f,RMSE_u,lr,time_this_iter_s,done,timesteps_total,episodes_total,training_iteration,trial_id,experiment_id,date,timestamp,time_total_s,pid,hostname,node_ip,time_since_restore,timesteps_since_restore,iterations_since_restore,warmup_time,config/L,config/N,config/activation,config/batch_size,config/lr,config/lr_scheduler,config/num_points,logdir
0,300.04368901252747,1215.6463541666667,1203.8793,0.1766831549861485,1.8310546875000002e-08,1.179579257965088,False,,,1659,94c66367,bc20a8e6390141229fbfe9d2f14935ab,2023-05-21_10-25-19,1684653919,302.1838755607605,103510,ds28,192.168.3.128,302.1838755607605,0,1659,0.0323052406311035,4,576,ELU,1440,0.00030000000000000003,ReduceLROnPlateau-0.5-2,10000,"/net/110-33034-1913.cc.spbu.ru/home/st082196/cuda-helm/ray_results/ndims=5,HyperOptSearch/trainable_94c66367_1_L=4,N=576,activation=ELU,batch_size=1440,lr=0.0003,lr_scheduler=ReduceLROnPlateau-0_5-2,num_points=10000_2023-05-21_10-20-08"
1,300.25620889663696,1205.7091300901398,1208.299544,0.1769959387879058,0.000475,6.257381200790405,False,,,12,b14b4bdb,bc20a8e6390141229fbfe9d2f14935ab,2023-05-21_10-30-19,1684654219,300.5892517566681,103510,ds28,192.168.3.128,300.5892517566681,0,12,0.0323052406311035,1,128,tanh,160,0.0038,ReduceLROnPlateau-0.5-2,1000000,"/net/110-33034-1913.cc.spbu.ru/home/st082196/cuda-helm/ray_results/ndims=5,HyperOptSearch/trainable_b14b4bdb_2_L=1,N=128,activation=tanh,batch_size=160,lr=0.0038,lr_scheduler=ReduceLROnPlateau-0_5-2,num_points=1000000_2023-05-21_10-25-19"
2,300.0805711746216,1208.6828287760416,1204.0462,0.1768183986290736,1.0600000000000002e-08,1.250332593917847,False,,,634,f3884711,bc20a8e6390141229fbfe9d2f14935ab,2023-05-21_10-35-21,1684654521,301.1741683483124,103510,ds28,192.168.3.128,301.1741683483124,0,634,0.0323052406311035,4,1216,sigmoid,384,0.0106,ReduceLROnPlateau-0.1-10,10000,"/net/110-33034-1913.cc.spbu.ru/home/st082196/cuda-helm/ray_results/ndims=5,HyperOptSearch/trainable_f3884711_3_L=4,N=1216,activation=sigmoid,batch_size=384,lr=0.0106,lr_scheduler=ReduceLROnPlateau-0_1-10,num_points=10000_2023-05-21_10-30-19"
3,300.06349420547485,964.9639047475962,976.578,0.153142636898834,0.0446,0.6480617523193359,False,,,3480,c51d28ac,bc20a8e6390141229fbfe9d2f14935ab,2023-05-21_10-40-21,1684654821,300.5858898162842,103510,ds28,192.168.3.128,300.5858898162842,0,3480,0.0323052406311035,1,576,ELU,832,0.0446,None,10000,"/net/110-33034-1913.cc.spbu.ru/home/st082196/cuda-helm/ray_results/ndims=5,HyperOptSearch/trainable_c51d28ac_4_L=1,N=576,activation=ELU,batch_size=832,lr=0.0446,lr_scheduler=None,num_points=10000_2023-05-21_10-35-21"
4,300.04319167137146,1205.7400976101494,1217.69152,0.1776826933788634,1.0000000000000004e-08,0.8300924301147461,False,,,611,6cc79dd4,bc20a8e6390141229fbfe9d2f14935ab,2023-05-21_10-45-22,1684655122,300.5037693977356,103510,ds28,192.168.3.128,300.5037693977356,0,611,0.0323052406311035,2,160,tanh,1312,0.0001,ReduceLROnPlateau-0.1-10,100000,"/net/110-33034-1913.cc.spbu.ru/home/st082196/cuda-helm/ray_results/ndims=5,HyperOptSearch/trainable_6cc79dd4_5_L=2,N=160,activation=tanh,batch_size=1312,lr=0.0001,lr_scheduler=ReduceLROnPlateau-0_1-10,num_points=100000_2023-05-21_10-40-21"
5,300.5949053764343,3.087785023898708,2.598010640625,0.0097744912815159,0.0112,3.400373697280884,False,,,16,e1d326d2,bc20a8e6390141229fbfe9d2f14935ab,2023-05-21_10-50-23,1684655423,301.19923424720764,103510,ds28,192.168.3.128,301.19923424720764,0,16,0.0323052406311035,2,256,sigmoid,288,0.0112,None,1000000,"/net/110-33034-1913.cc.spbu.ru/home/st082196/cuda-helm/ray_results/ndims=5,HyperOptSearch/trainable_e1d326d2_6_L=2,N=256,activation=sigmoid,batch_size=288,lr=0.0112,lr_scheduler=None,num_points=1000000_2023-05-21_10-45-22"
6,300.01208543777466,1209.6580810546875,1203.8783,0.1766803481844268,1.983642578125e-08,0.6478884220123291,False,,,1967,01878d78,bc20a8e6390141229fbfe9d2f14935ab,2023-05-21_10-55-24,1684655724,300.62818717956543,103510,ds28,192.168.3.128,300.62818717956543,0,1967,0.0323052406311035,3,96,sigmoid,512,0.0026000000000000003,ReduceLROnPlateau-0.5-2,10000,"/net/110-33034-1913.cc.spbu.ru/home/st082196/cuda-helm/ray_results/ndims=5,HyperOptSearch/trainable_01878d78_7_L=3,N=96,activation=sigmoid,batch_size=512,lr=0.0026,lr_scheduler=ReduceLROnPlateau-0_5-2,num_points=10000_2023-05-21_10-50-23"
7,300.25350761413574,1205.4461437301495,1208.299471,0.1769959192182743,1.220703125e-08,0.9877057075500488,False,,,128,719b6092,bc20a8e6390141229fbfe9d2f14935ab,2023-05-21_11-00-24,1684656024,300.70884442329407,103510,ds28,192.168.3.128,300.70884442329407,0,128,0.0323052406311035,1,64,atan,2432,0.0002,ReduceLROnPlateau-0.5-2,1000000,"/net/110-33034-1913.cc.spbu.ru/home/st082196/cuda-helm/ray_results/ndims=5,HyperOptSearch/trainable_719b6092_8_L=1,N=64,activation=atan,batch_size=2432,lr=0.0002,lr_scheduler=ReduceLROnPlateau-0_5-2,num_points=1000000_2023-05-21_10-55-24"
8,301.2051272392273,1015.8854421865926,1018.423179,0.15889032023807,1.09375e-05,4.0971314907073975,False,,,47,799ccb81,bc20a8e6390141229fbfe9d2f14935ab,2023-05-21_11-05-26,1684656326,301.8134729862213,103510,ds28,192.168.3.128,301.8134729862213,0,47,0.0323052406311035,2,512,ELU,2688,0.0014,ReduceLROnPlateau-0.5-2,1000000,"/net/110-33034-1913.cc.spbu.ru/home/st082196/cuda-helm/ray_results/ndims=5,HyperOptSearch/trainable_799ccb81_9_L=2,N=512,activation=ELU,batch_size=2688,lr=0.0014,lr_scheduler=ReduceLROnPlateau-0_5-2,num_points=1000000_2023-05-21_11-00-24"
9,300.8809998035431,1205.6987917767167,1217.69119,0.1776858561866124,1.163482666015625e-08,4.813324689865112,False,,,81,f5236770,bc20a8e6390141229fbfe9d2f14935ab,2023-05-21_11-10-29,1684656629,302.73495984077454,103510,ds28,192.168.3.128,302.73495984077454,0,81,0.0323052406311035,2,1984,atan,3424,0.0244,ReduceLROnPlateau-0.5-2,100000,"/net/110-33034-1913.cc.spbu.ru/home/st082196/cuda-helm/ray_results/ndims=5,HyperOptSearch/trainable_f5236770_10_L=2,N=1984,activation=atan,batch_size=3424,lr=0.0244,lr_scheduler=ReduceLROnPlateau-0_5-2,num_points=100000_2023-05-21_11-05-26"
10,300.0299689769745,304.4304625,313.675975,0.1273029411221884,0.394,0.686359167098999,False,,,2132,38d929e4,bc20a8e6390141229fbfe9d2f14935ab,2023-05-21_11-15-30,1684656930,300.5972030162811,103510,ds28,192.168.3.128,300.5972030162811,0,2132,0.0323052406311035,1,288,tanh,12384,0.394,None,100000,"/net/110-33034-1913.cc.spbu.ru/home/st082196/cuda-helm/ray_results/ndims=5,HyperOptSearch/trainable_38d929e4_11_L=1,N=288,activation=tanh,batch_size=12384,lr=0.3940,lr_scheduler=None,num_points=100000_2023-05-21_11-10-29"
11,307.22146248817444,1207.3592357777336,1207.275623,0.1770006821613852,0.0007,28.495632648468018,False,,,5,24255091,bc20a8e6390141229fbfe9d2f14935ab,2023-05-21_11-20-38,1684657238,308.08055448532104,103510,ds28,192.168.3.128,308.08055448532104,0,5,0.0323052406311035,4,1056,ELU,128,0.0007,ReduceLROnPlateau-0.1-10,1000000,"/net/110-33034-1913.cc.spbu.ru/home/st082196/cuda-helm/ray_results/ndims=5,HyperOptSearch/trainable_24255091_12_L=4,N=1056,activation=ELU,batch_size=128,lr=0.0007,lr_scheduler=ReduceLROnPlateau-0_1-10,num_points=1000000_2023-05-21_11-15-30"
12,300.0186767578125,1202.408461872329,1204.074,0.1768438887446443,2.0798346189192936e-44,0.7168266773223877,False,,,1859,e7c8ae03,bc20a8e6390141229fbfe9d2f14935ab,2023-05-21_11-25-38,1684657538,300.685937166214,103510,ds28,192.168.3.128,300.685937166214,0,1859,0.0323052406311035,2,544,sigmoid,416,0.0051,ExponentialLR-0.95,10000,"/net/110-33034-1913.cc.spbu.ru/home/st082196/cuda-helm/ray_results/ndims=5,HyperOptSearch/trainable_e7c8ae03_13_L=2,N=544,activation=sigmoid,batch_size=416,lr=0.0051,lr_scheduler=ExponentialLR-0_95,num_points=10000_2023-05-21_11-20-38"
13,300.03276658058167,1202.2249799283595,1214.84308,0.1774946795458665,6.128953802344828e-25,0.8314213752746582,False,,,1018,55409980,bc20a8e6390141229fbfe9d2f14935ab,2023-05-21_11-30-39,1684657839,300.6034662723541,103510,ds28,192.168.3.128,300.6034662723541,0,1018,0.0323052406311035,2,64,sigmoid,2112,0.027700000000000002,ExponentialLR-0.95,100000,"/net/110-33034-1913.cc.spbu.ru/home/st082196/cuda-helm/ray_results/ndims=5,HyperOptSearch/trainable_55409980_14_L=2,N=64,activation=sigmoid,batch_size=2112,lr=0.0277,lr_scheduler=ExponentialLR-0_95,num_points=100000_2023-05-21_11-25-38"
14,301.1412665843964,1670273292496100.5,1029053649433649.0,0.1770363663205952,0.0318512041838211,4.170270442962647,False,,,60,5f2c19ea,bc20a8e6390141229fbfe9d2f14935ab,2023-05-21_11-35-41,1684658141,301.8257420063019,103510,ds28,192.168.3.128,301.8257420063019,0,60,0.0323052406311035,3,352,sin,3936,0.6568,ExponentialLR-0.95,1000000,"/net/110-33034-1913.cc.spbu.ru/home/st082196/cuda-helm/ray_results/ndims=5,HyperOptSearch/trainable_5f2c19ea_15_L=3,N=352,activation=sin,batch_size=3936,lr=0.6568,lr_scheduler=ExponentialLR-0_95,num_points=1000000_2023-05-21_11-30-39"
15,300.0021381378174,1194.5523,1190.1376,0.176134991288642,5.59820375614021e-141,0.667776346206665,False,,,6235,c0aa456d,bc20a8e6390141229fbfe9d2f14935ab,2023-05-21_11-40-42,1684658442,300.62560772895813,103510,ds28,192.168.3.128,300.62560772895813,0,6235,0.0323052406311035,4,192,ELU,5792,0.041600000000000005,ExponentialLR-0.95,10000,"/net/110-33034-1913.cc.spbu.ru/home/st082196/cuda-helm/ray_results/ndims=5,HyperOptSearch/trainable_c0aa456d_16_L=4,N=192,activation=ELU,batch_size=5792,lr=0.0416,lr_scheduler=ExponentialLR-0_95,num_points=10000_2023-05-21_11-35-41"
16,300.0195426940918,1202.2508934868706,1203.8626,0.1766720225164105,1.837075600103432e-10,0.9167525768280028,False,,,272,39bc9ba6,bc20a8e6390141229fbfe9d2f14935ab,2023-05-21_11-45-42,1684658742,300.4013102054596,103510,ds28,192.168.3.128,300.4013102054596,0,272,0.0323052406311035,4,160,sigmoid,64,0.0002,ExponentialLR-0.95,10000,"/net/110-33034-1913.cc.spbu.ru/home/st082196/cuda-helm/ray_results/ndims=5,HyperOptSearch/trainable_39bc9ba6_17_L=4,N=160,activation=sigmoid,batch_size=64,lr=0.0002,lr_scheduler=ExponentialLR-0_95,num_points=10000_2023-05-21_11-40-42"
17,300.3947989940644,1205.4042809375,1217.71964,0.1777087593148042,1.7118453979492188e-08,4.230786561965942,False,,,90,35e89b40,bc20a8e6390141229fbfe9d2f14935ab,2023-05-21_11-50-43,1684659043,301.35156178474426,103510,ds28,192.168.3.128,301.35156178474426,0,90,0.0323052406311035,4,1184,sigmoid,2080,0.0359,ReduceLROnPlateau-0.5-2,100000,"/net/110-33034-1913.cc.spbu.ru/home/st082196/cuda-helm/ray_results/ndims=5,HyperOptSearch/trainable_35e89b40_18_L=4,N=1184,activation=sigmoid,batch_size=2080,lr=0.0359,lr_scheduler=ReduceLROnPlateau-0_5-2,num_points=1000_2023-05-21_11-45-42"
18,300.14487051963806,4001.175674412393,4982.08552,0.177682627253854,9.200000000000005e-09,1.4636809825897217,False,,,280,0c722e11,bc20a8e6390141229fbfe9d2f14935ab,2023-05-21_11-55-44,1684659344,300.7863416671753,103510,ds28,192.168.3.128,300.7863416671753,0,280,0.0323052406311035,4,352,sin,832,0.0092,ReduceLROnPlateau-0.1-10,100000,"/net/110-33034-1913.cc.spbu.ru/home/st082196/cuda-helm/ray_results/ndims=5,HyperOptSearch/trainable_0c722e11_19_L=4,N=352,activation=sin,batch_size=832,lr=0.0092,lr_scheduler=ReduceLROnPlateau-0_1-10,num_points=100000_2023-05-21_11-50-43"
19,300.05121874809265,1207.4154804270463,1204.0156,0.1768277442808705,0.0127,0.7032437324523926,False,,,10883,a00e855e,bc20a8e6390141229fbfe9d2f14935ab,2023-05-21_12-00-45,1684659645,300.6866571903229,103510,ds28,192.168.3.128,300.6866571903229,0,10883,0.0323052406311035,3,64,atan,8992,0.012700000000000001,None,10000,"/net/110-33034-1913.cc.spbu.ru/home/st082196/cuda-helm/ray_results/ndims=5,HyperOptSearch/trainable_a00e855e_20_L=3,N=64,activation=atan,batch_size=8992,lr=0.0127,lr_scheduler=None,num_points=10000_2023-05-21_11-55-44"
20,300.1778900623321,12.9515099375,14.1017950625,0.0306092336124661,0.2601,1.470938205718994,False,,,311,8d405527,bc20a8e6390141229fbfe9d2f14935ab,2023-05-21_12-05-46,1684659946,300.67240357398987,103510,ds28,192.168.3.128,300.67240357398987,0,311,0.0323052406311035,1,256,tanh,27072,0.2601,None,1000000,"/net/110-33034-1913.cc.spbu.ru/home/st082196/cuda-helm/ray_results/ndims=5,HyperOptSearch/trainable_8d405527_21_L=1,N=256,activation=tanh,batch_size=27072,lr=0.2601,lr_scheduler=None,num_points=1000000_2023-05-21_12-00-45"
21,300.03225231170654,12.3313396875,14.8293046875,0.0441930497500423,0.1796,0.6535153388977051,False,,,2814,aa361cad,bc20a8e6390141229fbfe9d2f14935ab,2023-05-21_12-10-46,1684660246,300.58744406700134,103510,ds28,192.168.3.128,300.58744406700134,0,2814,0.0323052406311035,1,256,tanh,22400,0.1796,None,100000,"/net/110-33034-1913.cc.spbu.ru/home/st082196/cuda-helm/ray_results/ndims=5,HyperOptSearch/trainable_aa361cad_22_L=1,N=256,activation=tanh,batch_size=22400,lr=0.1796,lr_scheduler=None,num_points=100000_2023-05-21_12-05-46"
22,300.34704399108887,1104.233960683947,1096.704297,0.1721388596084704,0.1267,18.812929153442383,False,,,14,bd268bd4,bc20a8e6390141229fbfe9d2f14935ab,2023-05-21_12-15-47,1684660547,300.7826724052429,103510,ds28,192.168.3.128,300.7826724052429,0,14,0.0323052406311035,1,224,tanh,192,0.1267,None,1000000,"/net/110-33034-1913.cc.spbu.ru/home/st082196/cuda-helm/ray_results/ndims=5,HyperOptSearch/trainable_bd268bd4_23_L=1,N=224,activation=tanh,batch_size=192,lr=0.1267,lr_scheduler=None,num_points=1000000_2023-05-21_12-10-46"
23,300.2933964729309,1205.4721416827424,1208.327176,0.1770258899439548,0.0982,61.11993885040283,False,,,4,a9a540e1,bc20a8e6390141229fbfe9d2f14935ab,2023-05-21_12-20-48,1684660848,300.8250730037689,103510,ds28,192.168.3.128,300.8250730037689,0,4,0.0323052406311035,2,96,tanh,64,0.09820000000000001,None,1000000,"/net/110-33034-1913.cc.spbu.ru/home/st082196/cuda-helm/ray_results/ndims=5,HyperOptSearch/trainable_a9a540e1_24_L=2,N=96,activation=tanh,batch_size=64,lr=0.0982,lr_scheduler=None,num_points=1000000_2023-05-21_12-15-47"
24,302.9934985637665,1.6513560747121058e+19,2.0951474202990453e+19,0.1770021647520286,0.9238,14.115705251693726,False,,,23,12f473b7,bc20a8e6390141229fbfe9d2f14935ab,2023-05-21_12-25-52,1684661152,303.8837413787842,103510,ds28,192.168.3.128,303.8837413787842,0,23,0.0323052406311035,3,832,sin,22336,0.9238000000000001,None,1000000,"/net/110-33034-1913.cc.spbu.ru/home/st082196/cuda-helm/ray_results/ndims=5,HyperOptSearch/trainable_12f473b7_25_L=3,N=832,activation=sin,batch_size=22336,lr=0.9238,lr_scheduler=None,num_points=1000000_2023-05-21_12-20-48"
25,300.45071268081665,1164.9069714124237,1163.885179,0.1771449031483146,0.2932,16.618649005889893,False,,,17,bd57075f,bc20a8e6390141229fbfe9d2f14935ab,2023-05-21_12-30-53,1684661453,301.04533648490906,103510,ds28,192.168.3.128,301.04533648490906,0,17,0.0323052406311035,1,448,sigmoid,256,0.2932,None,1000000,"/net/110-33034-1913.cc.spbu.ru/home/st082196/cuda-helm/ray_results/ndims=5,HyperOptSearch/trainable_bd57075f_26_L=1,N=448,activation=sigmoid,batch_size=256,lr=0.2932,lr_scheduler=None,num_points=1000000_2023-05-21_12-25-52"
26,300.33303236961365,1205.559913078435,1208.30018,0.1769969314050575,0.0853,13.122962951660156,False,,,8,6dd22142,bc20a8e6390141229fbfe9d2f14935ab,2023-05-21_12-35-54,1684661754,300.8889174461365,103510,ds28,192.168.3.128,300.8889174461365,0,8,0.0323052406311035,2,128,tanh,128,0.0853,None,1000000,"/net/110-33034-1913.cc.spbu.ru/home/st082196/cuda-helm/ray_results/ndims=5,HyperOptSearch/trainable_6dd22142_27_L=2,N=128,activation=tanh,batch_size=128,lr=0.0853,lr_scheduler=None,num_points=1000000_2023-05-21_12-30-53"
27,300.7071690559387,1205.3417943004408,1208.299824,0.1769960348256258,0.0009,5.236854791641235,False,,,51,b84fa49d,bc20a8e6390141229fbfe9d2f14935ab,2023-05-21_12-40-55,1684662055,301.09744477272034,103510,ds28,192.168.3.128,301.09744477272034,0,51,0.0323052406311035,1,736,sin,896,0.0009000000000000001,None,1000000,"/net/110-33034-1913.cc.spbu.ru/home/st082196/cuda-helm/ray_results/ndims=5,HyperOptSearch/trainable_b84fa49d_28_L=1,N=736,activation=sin,batch_size=896,lr=0.0009,lr_scheduler=None,num_points=1000000_2023-05-21_12-35-54"
28,300.89479637146,1205.3218961148648,1208.315022,0.1770125008171926,0.4098,3.6708014011383057,False,,,95,1e2e52a0,bc20a8e6390141229fbfe9d2f14935ab,2023-05-21_12-45-56,1684662356,301.4272072315216,103510,ds28,192.168.3.128,301.4272072315216,0,95,0.0323052406311035,3,288,tanh,30784,0.4098,None,1000000,"/net/110-33034-1913.cc.spbu.ru/home/st082196/cuda-helm/ray_results/ndims=5,HyperOptSearch/trainable_1e2e52a0_29_L=3,N=288,activation=tanh,batch_size=30784,lr=0.4098,lr_scheduler=None,num_points=1000000_2023-05-21_12-40-55"
29,300.43537950515747,1205.3640378248244,1208.299548,0.1769959475813078,0.0005,16.86305069923401,False,,,6,76428b84,bc20a8e6390141229fbfe9d2f14935ab,2023-05-21_12-50-57,1684662657,300.8557553291321,103510,ds28,192.168.3.128,300.8557553291321,0,6,0.0323052406311035,2,192,sigmoid,96,0.0005,None,1000000,"/net/110-33034-1913.cc.spbu.ru/home/st082196/cuda-helm/ray_results/ndims=5,HyperOptSearch/trainable_76428b84_30_L=2,N=192,activation=sigmoid,batch_size=96,lr=0.0005,lr_scheduler=None,num_points=1000000_2023-05-21_12-45-56"
30,300.58585572242737,801.185293079096,803.142072,0.1453628753827839,0.003,2.293035984039306,False,,,127,4cdbda87,bc20a8e6390141229fbfe9d2f14935ab,2023-05-21_12-55-58,1684662958,301.1073303222656,103510,ds28,192.168.3.128,301.1073303222656,0,127,0.0323052406311035,1,384,atan,11328,0.003,None,1000000,"/net/110-33034-1913.cc.spbu.ru/home/st082196/cuda-helm/ray_results/ndims=5,HyperOptSearch/trainable_4cdbda87_31_L=1,N=384,activation=atan,batch_size=11328,lr=0.0030,lr_scheduler=None,num_points=1000000_2023-05-21_12-50-57"
31,300.2871532440185,1205.2809464829668,1208.299486,0.1769959336153162,0.0065,10.241146326065063,False,,,15,35f7035a,bc20a8e6390141229fbfe9d2f14935ab,2023-05-21_13-00-59,1684663259,300.8500347137451,103510,ds28,192.168.3.128,300.8500347137451,0,15,0.0323052406311035,2,96,tanh,256,0.006500000000000001,None,1000000,"/net/110-33034-1913.cc.spbu.ru/home/st082196/cuda-helm/ray_results/ndims=5,HyperOptSearch/trainable_35f7035a_32_L=2,N=96,activation=tanh,batch_size=256,lr=0.0065,lr_scheduler=None,num_points=1000000_2023-05-21_12-55-58"
32,301.26574754714966,20.81116589463735,19.733942390625,0.0153718246964765,0.0164,5.2893476486206055,False,,,41,428855d8,bc20a8e6390141229fbfe9d2f14935ab,2023-05-21_13-06-01,1684663561,301.868109703064,103510,ds28,192.168.3.128,301.868109703064,0,41,0.0323052406311035,1,1696,sigmoid,1312,0.0164,ReduceLROnPlateau-0.1-10,1000000,"/net/110-33034-1913.cc.spbu.ru/home/st082196/cuda-helm/ray_results/ndims=5,HyperOptSearch/trainable_428855d8_33_L=1,N=1696,activation=sigmoid,batch_size=1312,lr=0.0164,lr_scheduler=ReduceLROnPlateau-0_1-10,num_points=100_2023-05-21_13-00-59"
33,300.28208208084106,1205.39010565625,1208.302907,0.1770002639682331,0.0543,13.334153175354004,False,,,23,0f5b7e9a,bc20a8e6390141229fbfe9d2f14935ab,2023-05-21_13-11-02,1684663862,300.66624999046326,103510,ds28,192.168.3.128,300.66624999046326,0,23,0.0323052406311035,3,128,tanh,480,0.0543,None,1000000,"/net/110-33034-1913.cc.spbu.ru/home/st082196/cuda-helm/ray_results/ndims=5,HyperOptSearch/trainable_0f5b7e9a_34_L=3,N=128,activation=tanh,batch_size=480,lr=0.0543,lr_scheduler=None,num_points=1000000_2023-05-21_13-06-01"
34,300.56240034103394,1128.282610446917,1131.246031,0.1714389187333066,0.01726,9.078063011169434,False,,,21,e035f62b,bc20a8e6390141229fbfe9d2f14935ab,2023-05-21_13-16-03,1684664163,301.088743686676,103510,ds28,192.168.3.128,301.088743686676,0,21,0.0323052406311035,1,448,ELU,320,0.1726,ReduceLROnPlateau-0.1-10,1000000,"/net/110-33034-1913.cc.spbu.ru/home/st082196/cuda-helm/ray_results/ndims=5,HyperOptSearch/trainable_e035f62b_35_L=1,N=448,activation=ELU,batch_size=320,lr=0.1726,lr_scheduler=ReduceLROnPlateau-0_1-10,num_points=1000000_2023-05-21_13-11-02"
35,301.5567569732666,1205.36831271472,1208.299563,0.1769959517193792,0.0023,8.187456130981445,False,,,26,136c61e3,bc20a8e6390141229fbfe9d2f14935ab,2023-05-21_13-21-05,1684664465,302.12228560447693,103510,ds28,192.168.3.128,302.12228560447693,0,26,0.0323052406311035,2,704,sigmoid,640,0.0023,None,1000000,"/net/110-33034-1913.cc.spbu.ru/home/st082196/cuda-helm/ray_results/ndims=5,HyperOptSearch/trainable_136c61e3_36_L=2,N=704,activation=sigmoid,batch_size=640,lr=0.0023,lr_scheduler=None,num_points=1000000_2023-05-21_13-16-03"
36,300.3447265625,1205.2895993729007,1208.299567,0.1769959550815621,1.5854835510253907e-08,4.010565519332886,False,,,69,41016e0e,bc20a8e6390141229fbfe9d2f14935ab,2023-05-21_13-26-06,1684664766,300.76258087158203,103510,ds28,192.168.3.128,300.76258087158203,0,69,0.0323052406311035,1,160,atan,1184,0.0665,ReduceLROnPlateau-0.5-2,1000000,"/net/110-33034-1913.cc.spbu.ru/home/st082196/cuda-helm/ray_results/ndims=5,HyperOptSearch/trainable_41016e0e_37_L=1,N=160,activation=atan,batch_size=1184,lr=0.0665,lr_scheduler=ReduceLROnPlateau-0_5-2,num_points=1000000_2023-05-21_13-21-05"
37,300.0112211704254,1209.3056,1203.9382,0.1767243796075013,0.9839,0.7071576118469238,False,,,10894,5af29e6f,bc20a8e6390141229fbfe9d2f14935ab,2023-05-21_13-31-07,1684665067,300.6942527294159,103510,ds28,192.168.3.128,300.6942527294159,0,10894,0.0323052406311035,2,224,tanh,5792,0.9839,None,10000,"/net/110-33034-1913.cc.spbu.ru/home/st082196/cuda-helm/ray_results/ndims=5,HyperOptSearch/trainable_5af29e6f_38_L=2,N=224,activation=tanh,batch_size=5792,lr=0.9839,lr_scheduler=None,num_points=10000_2023-05-21_13-26-06"
38,300.4009282588959,1205.297326965332,1208.29955,0.1769959466329998,1.4e-05,8.650437116622925,False,,,30,ceeaf70c,bc20a8e6390141229fbfe9d2f14935ab,2023-05-21_13-36-07,1684665367,300.7397835254669,103510,ds28,192.168.3.128,300.7397835254669,0,30,0.0323052406311035,3,96,sigmoid,640,0.0014,ReduceLROnPlateau-0.1-10,1000000,"/net/110-33034-1913.cc.spbu.ru/home/st082196/cuda-helm/ray_results/ndims=5,HyperOptSearch/trainable_ceeaf70c_39_L=3,N=96,activation=sigmoid,batch_size=640,lr=0.0014,lr_scheduler=ReduceLROnPlateau-0_1-10,num_points=100000_2023-05-21_13-31-07"
39,300.37426114082336,1205.2968880091278,1208.299559,0.1769959497365534,0.0022875,26.982224941253666,False,,,11,ac62e6dc,bc20a8e6390141229fbfe9d2f14935ab,2023-05-21_13-41-08,1684665668,300.75057911872864,103510,ds28,192.168.3.128,300.75057911872864,0,11,0.0323052406311035,1,256,ELU,160,0.0183,ReduceLROnPlateau-0.5-2,1000000,"/net/110-33034-1913.cc.spbu.ru/home/st082196/cuda-helm/ray_results/ndims=5,HyperOptSearch/trainable_ac62e6dc_40_L=1,N=256,activation=ELU,batch_size=160,lr=0.0183,lr_scheduler=ReduceLROnPlateau-0_5-2,num_points=1000000_2023-05-21_13-36-07"
40,300.0004379749298,25.276681875,25.48350453125,0.0170175643670411,0.0077,0.7758021354675293,False,,,1150,72f6f55e,bc20a8e6390141229fbfe9d2f14935ab,2023-05-21_13-46-09,1684665969,300.49357414245605,103510,ds28,192.168.3.128,300.49357414245605,0,1150,0.0323052406311035,2,320,sin,31392,0.0077,None,100000,"/net/110-33034-1913.cc.spbu.ru/home/st082196/cuda-helm/ray_results/ndims=5,HyperOptSearch/trainable_72f6f55e_41_L=2,N=320,activation=sin,batch_size=31392,lr=0.0077,lr_scheduler=None,num_points=100000_2023-05-21_13-41-08"
41,300.0131621360779,1146.3954887660682,1165.9108,0.1739988101611617,5.79180038746443e-16,0.7921955585479736,False,,,661,af645b46,bc20a8e6390141229fbfe9d2f14935ab,2023-05-21_13-51-09,1684666269,300.57369589805603,103510,ds28,192.168.3.128,300.57369589805603,0,661,0.0323052406311035,1,608,tanh,96,0.2919,ExponentialLR-0.95,10000,"/net/110-33034-1913.cc.spbu.ru/home/st082196/cuda-helm/ray_results/ndims=5,HyperOptSearch/trainable_af645b46_42_L=1,N=608,activation=tanh,batch_size=96,lr=0.2919,lr_scheduler=ExponentialLR-0_95,num_points=10000_2023-05-21_13-46-09"
42,301.3325200080872,1197.971332846004,1200.65494,0.1764266657217257,0.0001,4.448848247528076,False,,,58,e7ef430f,bc20a8e6390141229fbfe9d2f14935ab,2023-05-21_13-56-11,1684666571,301.92063331604004,103510,ds28,192.168.3.128,301.92063331604004,0,58,0.0323052406311035,2,416,atan,18240,0.0001,None,1000000,"/net/110-33034-1913.cc.spbu.ru/home/st082196/cuda-helm/ray_results/ndims=5,HyperOptSearch/trainable_e7ef430f_43_L=2,N=416,activation=atan,batch_size=18240,lr=0.0001,lr_scheduler=None,num_points=1000000_2023-05-21_13-51-09"
43,303.5643925666809,1205.330260368262,1208.299525,0.1769959385292763,0.000121875,15.670103311538696,False,,,18,4ba24e2a,bc20a8e6390141229fbfe9d2f14935ab,2023-05-21_14-01-15,1684666875,304.22548961639404,103510,ds28,192.168.3.128,304.22548961639404,0,18,0.0323052406311035,3,896,sigmoid,1600,0.0039000000000000003,ReduceLROnPlateau-0.5-2,1000000,"/net/110-33034-1913.cc.spbu.ru/home/st082196/cuda-helm/ray_results/ndims=5,HyperOptSearch/trainable_4ba24e2a_44_L=3,N=896,activation=sigmoid,batch_size=1600,lr=0.0039,lr_scheduler=ReduceLROnPlateau-0_5-2,num_points=10000_2023-05-21_13-56-11"
44,300.55712604522705,1115.8568167892156,1126.79412,0.1709983136724119,3.0000000000000004e-09,3.0905373096466064,False,,,142,969e95fe,bc20a8e6390141229fbfe9d2f14935ab,2023-05-21_14-06-17,1684667177,301.6313223838806,103510,ds28,192.168.3.128,301.6313223838806,0,142,0.0323052406311035,2,1472,ELU,4896,0.00030000000000000003,ReduceLROnPlateau-0.1-10,100000,"/net/110-33034-1913.cc.spbu.ru/home/st082196/cuda-helm/ray_results/ndims=5,HyperOptSearch/trainable_969e95fe_45_L=2,N=1472,activation=ELU,batch_size=4896,lr=0.0003,lr_scheduler=ReduceLROnPlateau-0_1-10,num_points=100000_2023-05-21_14-01-15"
45,300.00764751434326,1193.9746583781362,1188.7646,0.176121355006862,2.2422480567120504e-244,0.6342639923095703,False,,,10931,3959d6d3,bc20a8e6390141229fbfe9d2f14935ab,2023-05-21_14-11-18,1684667478,300.627956867218,103510,ds28,192.168.3.128,300.627956867218,0,10931,0.0323052406311035,1,128,sigmoid,2976,0.6787000000000001,ExponentialLR-0.95,10000,"/net/110-33034-1913.cc.spbu.ru/home/st082196/cuda-helm/ray_results/ndims=5,HyperOptSearch/trainable_3959d6d3_46_L=1,N=128,activation=sigmoid,batch_size=2976,lr=0.6787,lr_scheduler=ExponentialLR-0_95,num_points=10000_2023-05-21_14-06-17"
46,300.37031054496765,1205.456491351895,1208.299545,0.1769959493055042,0.0014,3.4988808631896973,False,,,17,592e63fa,bc20a8e6390141229fbfe9d2f14935ab,2023-05-21_14-16-18,1684667778,300.69499111175537,103510,ds28,192.168.3.128,300.69499111175537,0,17,0.0323052406311035,2,160,tanh,288,0.0014,None,1000000,"/net/110-33034-1913.cc.spbu.ru/home/st082196/cuda-helm/ray_results/ndims=5,HyperOptSearch/trainable_592e63fa_47_L=2,N=160,activation=tanh,batch_size=288,lr=0.0014,lr_scheduler=None,num_points=1000000_2023-05-21_14-11-18"
47,300.08931159973145,1197.126195652174,1220.59703,0.1776156523122021,1.52587890625e-08,0.7581899166107178,False,,,1101,ad13c54d,bc20a8e6390141229fbfe9d2f14935ab,2023-05-21_14-21-19,1684668079,300.63775420188904,103510,ds28,192.168.3.128,300.63775420188904,0,1101,0.0323052406311035,3,192,sin,7360,0.032,ReduceLROnPlateau-0.5-2,100000,"/net/110-33034-1913.cc.spbu.ru/home/st082196/cuda-helm/ray_results/ndims=5,HyperOptSearch/trainable_ad13c54d_48_L=3,N=192,activation=sin,batch_size=7360,lr=0.0320,lr_scheduler=ReduceLROnPlateau-0_5-2,num_points=100000_2023-05-21_14-16-19"
48,300.0102837085724,1208.077428181966,1203.988,0.176774399256289,2.658085461610889e-29,0.673898458480835,False,,,1209,93daed0b,bc20a8e6390141229fbfe9d2f14935ab,2023-05-21_14-26-20,1684668380,300.58509254455566,103510,ds28,192.168.3.128,300.58509254455566,0,1209,0.0323052406311035,1,512,sigmoid,192,0.0216,ExponentialLR-0.95,10000,"/net/110-33034-1913.cc.spbu.ru/home/st082196/cuda-helm/ray_results/ndims=5,HyperOptSearch/trainable_93daed0b_49_L=1,N=512,activation=sigmoid,batch_size=192,lr=0.0216,lr_scheduler=ExponentialLR-0_95,num_points=10000_2023-05-21_14-21-19"
49,300.9986970424652,1205.2647467619745,1208.296143,0.1769957011934662,0.0112,3.2104735374450684,False,,,52,dd2bc348,bc20a8e6390141229fbfe9d2f14935ab,2023-05-21_14-31-21,1684668681,301.66273760795593,103510,ds28,192.168.3.128,301.66273760795593,0,52,0.0323052406311035,2,320,atan,1760,0.0112,None,1000000,"/net/110-33034-1913.cc.spbu.ru/home/st082196/cuda-helm/ray_results/ndims=5,HyperOptSearch/trainable_dd2bc348_50_L=2,N=320,activation=atan,batch_size=1760,lr=0.0112,lr_scheduler=None,num_points=1000000_2023-05-21_14-26-20"
50,300.2833001613617,1176.613745256167,1180.295943,0.1760405263191924,5.3e-05,2.9594311714172363,False,,,65,f399a1a3,bc20a8e6390141229fbfe9d2f14935ab,2023-05-21_14-36-22,1684668982,300.7376139163971,103510,ds28,192.168.3.128,300.7376139163971,0,65,0.0323052406311035,1,64,ELU,992,0.0053,ReduceLROnPlateau-0.1-10,1000000,"/net/110-33034-1913.cc.spbu.ru/home/st082196/cuda-helm/ray_results/ndims=5,HyperOptSearch/trainable_f399a1a3_51_L=1,N=64,activation=ELU,batch_size=992,lr=0.0053,lr_scheduler=ReduceLROnPlateau-0_1-10,num_points=1000000_2023-05-21_14-31-21"
51,300.03484582901,1205.6486800855891,1217.69719,0.1776934516760668,0.1624,1.288689374923706,False,,,227,1657866e,bc20a8e6390141229fbfe9d2f14935ab,2023-05-21_14-41-23,1684669283,300.5043330192566,103510,ds28,192.168.3.128,300.5043330192566,0,227,0.0323052406311035,2,96,tanh,416,0.16240000000000002,None,100000,"/net/110-33034-1913.cc.spbu.ru/home/st082196/cuda-helm/ray_results/ndims=5,HyperOptSearch/trainable_1657866e_52_L=2,N=96,activation=tanh,batch_size=416,lr=0.1624,lr_scheduler=None,num_points=100000_2023-05-21_14-36-22"
52,300.00147318840027,1209.2972625,1203.8944,0.1766909187992773,4.136980086416455e-38,0.8215281963348389,False,,,1558,9daf9d7d,bc20a8e6390141229fbfe9d2f14935ab,2023-05-21_14-46-23,1684669583,300.7163109779358,103510,ds28,192.168.3.128,300.7163109779358,0,1558,0.0323052406311035,4,608,sigmoid,672,0.002,ExponentialLR-0.95,10000,"/net/110-33034-1913.cc.spbu.ru/home/st082196/cuda-helm/ray_results/ndims=5,HyperOptSearch/trainable_9daf9d7d_53_L=4,N=608,activation=sigmoid,batch_size=672,lr=0.0020,lr_scheduler=ExponentialLR-0_95,num_points=10000_2023-05-21_14-41-23"
53,300.6107921600342,1205.3785945078264,1208.328348,0.1770298650514008,0.2662,3.0836503505706787,False,,,91,9f58c2b2,bc20a8e6390141229fbfe9d2f14935ab,2023-05-21_14-51-25,1684669885,301.1455752849579,103510,ds28,192.168.3.128,301.1455752849579,0,91,0.0323052406311035,3,224,tanh,3456,0.2662,None,1000000,"/net/110-33034-1913.cc.spbu.ru/home/st082196/cuda-helm/ray_results/ndims=5,HyperOptSearch/trainable_9f58c2b2_54_L=3,N=224,activation=tanh,batch_size=3456,lr=0.2662,lr_scheduler=None,num_points=1000000_2023-05-21_14-46-23"
54,300.292094707489,2917.2792479896784,2598.745338,0.1769456575238644,0.3078,38.724727630615234,False,,,7,6ac5291f,bc20a8e6390141229fbfe9d2f14935ab,2023-05-21_14-56-25,1684670185,300.8258926868439,103510,ds28,192.168.3.128,300.8258926868439,0,7,0.0323052406311035,1,192,sin,96,0.6156,ReduceLROnPlateau-0.5-2,1000000,"/net/110-33034-1913.cc.spbu.ru/home/st082196/cuda-helm/ray_results/ndims=5,HyperOptSearch/trainable_6ac5291f_55_L=1,N=192,activation=sin,batch_size=96,lr=0.6156,lr_scheduler=ReduceLROnPlateau-0_5-2,num_points=1000000_2023-05-21_14-51-25"
55,300.09367990493774,1206.2034090909092,1217.71645,0.1777055350914777,0.0002,0.6553289890289307,False,,,930,30947b6e,bc20a8e6390141229fbfe9d2f14935ab,2023-05-21_15-01-26,1684670486,300.6113896369934,103510,ds28,192.168.3.128,300.6113896369934,0,930,0.0323052406311035,3,256,sigmoid,14080,0.0002,None,100000,"/net/110-33034-1913.cc.spbu.ru/home/st082196/cuda-helm/ray_results/ndims=5,HyperOptSearch/trainable_30947b6e_56_L=3,N=256,activation=sigmoid,batch_size=14080,lr=0.0002,lr_scheduler=None,num_points=100000_2023-05-21_14-56-26"
56,303.72570753097534,1205.3337272040385,1208.299482,0.1769959412017809,0.0478,15.957104206085203,False,,,18,d09c7890,bc20a8e6390141229fbfe9d2f14935ab,2023-05-21_15-06-31,1684670791,304.68674874305725,103510,ds28,192.168.3.128,304.68674874305725,0,18,0.0323052406311035,2,1056,atan,2336,0.0478,None,1000000,"/net/110-33034-1913.cc.spbu.ru/home/st082196/cuda-helm/ray_results/ndims=5,HyperOptSearch/trainable_d09c7890_57_L=2,N=1056,activation=atan,batch_size=2336,lr=0.0478,lr_scheduler=None,num_points=1000000_2023-05-21_15-01-26"
57,300.0110852718353,1105.5431038992745,1137.504,0.1709167266999351,0.00097,1.2302169799804688,False,,,446,96f5c36e,bc20a8e6390141229fbfe9d2f14935ab,2023-05-21_15-11-32,1684671092,300.67270040512085,103510,ds28,192.168.3.128,300.67270040512085,0,446,0.0323052406311035,1,480,tanh,64,0.097,ReduceLROnPlateau-0.1-10,10000,"/net/110-33034-1913.cc.spbu.ru/home/st082196/cuda-helm/ray_results/ndims=5,HyperOptSearch/trainable_96f5c36e_58_L=1,N=480,activation=tanh,batch_size=64,lr=0.0970,lr_scheduler=ReduceLROnPlateau-0_1-10,num_points=10000_2023-05-21_15-06-31"
58,300.043922662735,1205.3557675,1208.299538,0.1769959387879058,5.0875695504523714e-05,2.2695565223693848,False,,,178,bfa37ae3,bc20a8e6390141229fbfe9d2f14935ab,2023-05-21_15-16-32,1684671392,300.6294584274292,103510,ds28,192.168.3.128,300.6294584274292,0,178,0.0323052406311035,2,128,ELU,8576,0.4461,ExponentialLR-0.95,1000000,"/net/110-33034-1913.cc.spbu.ru/home/st082196/cuda-helm/ray_results/ndims=5,HyperOptSearch/trainable_bfa37ae3_59_L=2,N=128,activation=ELU,batch_size=8576,lr=0.4461,lr_scheduler=ExponentialLR-0_95,num_points=1000000_2023-05-21_15-11-32"
59,301.3020672798157,1205.2910658769297,1208.299554,0.1769959464605801,0.0006,9.986558198928831,False,,,21,d25ff7fa,bc20a8e6390141229fbfe9d2f14935ab,2023-05-21_15-21-34,1684671694,301.66921734809875,103510,ds28,192.168.3.128,301.66921734809875,0,21,0.0323052406311035,4,320,sigmoid,544,0.0006000000000000001,None,1000000,"/net/110-33034-1913.cc.spbu.ru/home/st082196/cuda-helm/ray_results/ndims=5,HyperOptSearch/trainable_d25ff7fa_60_L=4,N=320,activation=sigmoid,batch_size=544,lr=0.0006,lr_scheduler=None,num_points=1000000_2023-05-21_15-16-32"
60,300.04155015945435,1140.4912570505571,1151.24466,0.1724521462227026,0.001,1.437291383743286,False,,,233,ff4cf821,bc20a8e6390141229fbfe9d2f14935ab,2023-05-21_15-26-34,1684671994,300.5116672515869,103510,ds28,192.168.3.128,300.5116672515869,0,233,0.0323052406311035,1,384,tanh,352,0.001,None,100000,"/net/110-33034-1913.cc.spbu.ru/home/st082196/cuda-helm/ray_results/ndims=5,HyperOptSearch/trainable_ff4cf821_61_L=1,N=384,activation=tanh,batch_size=352,lr=0.0010,lr_scheduler=None,num_points=100000_2023-05-21_15-21-34"
61,300.2213807106018,1205.5680574115954,1208.29954,0.1769959441329149,0.0036,6.438888072967529,False,,,10,40d307d7,bc20a8e6390141229fbfe9d2f14935ab,2023-05-21_15-31-35,1684672295,300.5285105705261,103510,ds28,192.168.3.128,300.5285105705261,0,10,0.0323052406311035,1,64,sin,128,0.014400000000000001,ReduceLROnPlateau-0.5-2,1000000,"/net/110-33034-1913.cc.spbu.ru/home/st082196/cuda-helm/ray_results/ndims=5,HyperOptSearch/trainable_40d307d7_62_L=1,N=64,activation=sin,batch_size=128,lr=0.0144,lr_scheduler=ReduceLROnPlateau-0_5-2,num_points=1000000_2023-05-21_15-26-34"
62,300.4472827911377,1211.2365293560606,1208.299552,0.1769959456846917,0.0003,0.8390769958496094,False,,,55,2eea7604,bc20a8e6390141229fbfe9d2f14935ab,2023-05-21_15-36-36,1684672596,300.78797245025635,103510,ds28,192.168.3.128,300.78797245025635,0,55,0.0323052406311035,2,160,sigmoid,1056,0.00030000000000000003,None,1000000,"/net/110-33034-1913.cc.spbu.ru/home/st082196/cuda-helm/ray_results/ndims=5,HyperOptSearch/trainable_2eea7604_63_L=2,N=160,activation=sigmoid,batch_size=1056,lr=0.0003,lr_scheduler=None,num_points=1000000_2023-05-21_15-31-35"
63,300.01151299476624,1206.3597121465773,1203.9562,0.1767391521572779,6.4800000000000024e-09,0.8001086711883545,False,,,866,6e9220dd,bc20a8e6390141229fbfe9d2f14935ab,2023-05-21_15-41-36,1684672896,300.5820088386536,103510,ds28,192.168.3.128,300.5820088386536,0,866,0.0323052406311035,3,288,tanh,192,0.0648,ReduceLROnPlateau-0.1-10,10000,"/net/110-33034-1913.cc.spbu.ru/home/st082196/cuda-helm/ray_results/ndims=5,HyperOptSearch/trainable_6e9220dd_64_L=3,N=288,activation=tanh,batch_size=192,lr=0.0648,lr_scheduler=ReduceLROnPlateau-0_1-10,num_points=10000_2023-05-21_15-36-36"
64,300.3166229724884,200.08785311927048,200.5891065,0.0703990659066566,0.1253,2.033902645111084,False,,,199,8616aa77,bc20a8e6390141229fbfe9d2f14935ab,2023-05-21_15-46-37,1684673197,300.7947657108307,103510,ds28,192.168.3.128,300.7947657108307,0,199,0.0323052406311035,1,96,atan,4128,0.1253,None,1000000,"/net/110-33034-1913.cc.spbu.ru/home/st082196/cuda-helm/ray_results/ndims=5,HyperOptSearch/trainable_8616aa77_65_L=1,N=96,activation=atan,batch_size=4128,lr=0.1253,lr_scheduler=None,num_points=1000000_2023-05-21_15-41-36"
65,300.0252466201782,17.506323125,13.54770625,0.0279854083187269,0.2128,0.7355995178222656,False,,,2660,a301006e,bc20a8e6390141229fbfe9d2f14935ab,2023-05-21_15-51-38,1684673498,300.6078028678894,103510,ds28,192.168.3.128,300.6078028678894,0,2660,0.0323052406311035,1,256,tanh,18592,0.21280000000000002,None,100000,"/net/110-33034-1913.cc.spbu.ru/home/st082196/cuda-helm/ray_results/ndims=5,HyperOptSearch/trainable_a301006e_66_L=1,N=256,activation=tanh,batch_size=18592,lr=0.2128,lr_scheduler=None,num_points=100000_2023-05-21_15-46-37"
66,300.00713205337524,165.48936,170.33544,0.0550537214609884,0.026,0.6225430965423584,False,,,2949,5e396c2a,bc20a8e6390141229fbfe9d2f14935ab,2023-05-21_15-56-38,1684673798,300.5287582874298,103510,ds28,192.168.3.128,300.5287582874298,0,2949,0.0323052406311035,1,224,tanh,22752,0.026000000000000002,None,100000,"/net/110-33034-1913.cc.spbu.ru/home/st082196/cuda-helm/ray_results/ndims=5,HyperOptSearch/trainable_5e396c2a_67_L=1,N=224,activation=tanh,batch_size=22752,lr=0.0260,lr_scheduler=None,num_points=100000_2023-05-21_15-51-38"
67,300.0330994129181,1151.0254390495868,1158.47777,0.1732234144634015,0.5508000000000001,0.5807626247406006,False,,,2567,f902b896,bc20a8e6390141229fbfe9d2f14935ab,2023-05-21_16-01-39,1684674099,300.57273054122925,103510,ds28,192.168.3.128,300.57273054122925,0,2567,0.0323052406311035,1,256,tanh,15488,0.5508000000000001,None,100000,"/net/110-33034-1913.cc.spbu.ru/home/st082196/cuda-helm/ray_results/ndims=5,HyperOptSearch/trainable_f902b896_68_L=1,N=256,activation=tanh,batch_size=15488,lr=0.5508,lr_scheduler=None,num_points=100000_2023-05-21_15-56-38"
68,300.04740595817566,10.44968796921922,10.486696796875,0.0179173155009161,0.2611,0.6332972049713135,False,,,1993,db90badb,bc20a8e6390141229fbfe9d2f14935ab,2023-05-21_16-06-40,1684674400,300.6315894126892,103510,ds28,192.168.3.128,300.6315894126892,0,1993,0.0323052406311035,1,352,tanh,10656,0.2611,None,100000,"/net/110-33034-1913.cc.spbu.ru/home/st082196/cuda-helm/ray_results/ndims=5,HyperOptSearch/trainable_db90badb_69_L=1,N=352,activation=tanh,batch_size=10656,lr=0.2611,lr_scheduler=None,num_points=100000_2023-05-21_16-01-39"
69,300.0321362018585,24.86830763571308,25.88193921875,0.0314291946330766,0.1291,0.5747017860412598,False,,,3126,b756ee52,bc20a8e6390141229fbfe9d2f14935ab,2023-05-21_16-11-40,1684674700,300.53232884407043,103510,ds28,192.168.3.128,300.53232884407043,0,3126,0.0323052406311035,1,192,tanh,23616,0.1291,None,100000,"/net/110-33034-1913.cc.spbu.ru/home/st082196/cuda-helm/ray_results/ndims=5,HyperOptSearch/trainable_b756ee52_70_L=1,N=192,activation=tanh,batch_size=23616,lr=0.1291,lr_scheduler=None,num_points=100000_2023-05-21_16-06-40"
70,300.06593203544617,7.85773818297956,7.227740859375,0.0251268778806138,0.2107,0.5968899726867676,False,,,1303,465b97be,bc20a8e6390141229fbfe9d2f14935ab,2023-05-21_16-16-41,1684675001,300.6304569244385,103510,ds28,192.168.3.128,300.6304569244385,0,1303,0.0323052406311035,1,672,tanh,10176,0.2107,None,100000,"/net/110-33034-1913.cc.spbu.ru/home/st082196/cuda-helm/ray_results/ndims=5,HyperOptSearch/trainable_465b97be_71_L=1,N=672,activation=tanh,batch_size=10176,lr=0.2107,lr_scheduler=None,num_points=100000_2023-05-21_16-11-40"
71,300.0538218021393,1205.56143,1217.70882,0.1776979933574426,0.7629,0.8660328388214111,False,,,973,1a4a8d9e,bc20a8e6390141229fbfe9d2f14935ab,2023-05-21_16-21-42,1684675302,300.6410362720489,103510,ds28,192.168.3.128,300.6410362720489,0,973,0.0323052406311035,2,352,tanh,6720,0.7629,None,100000,"/net/110-33034-1913.cc.spbu.ru/home/st082196/cuda-helm/ray_results/ndims=5,HyperOptSearch/trainable_1a4a8d9e_72_L=2,N=352,activation=tanh,batch_size=6720,lr=0.7629,lr_scheduler=None,num_points=100000_2023-05-21_16-16-41"
72,300.0746729373932,54.10610727163461,58.11383875,0.0537969979919924,0.3658,0.6729977130889893,False,,,1125,371fdfb0,bc20a8e6390141229fbfe9d2f14935ab,2023-05-21_16-26-42,1684675602,300.6769280433655,103510,ds28,192.168.3.128,300.6769280433655,0,1125,0.0323052406311035,1,832,tanh,11648,0.3658,None,100000,"/net/110-33034-1913.cc.spbu.ru/home/st082196/cuda-helm/ray_results/ndims=5,HyperOptSearch/trainable_371fdfb0_73_L=1,N=832,activation=tanh,batch_size=11648,lr=0.3658,lr_scheduler=None,num_points=100000_2023-05-21_16-21-42"
73,300.1657855510712,974.1228271736326,992.81041,0.1586444153984292,0.0396,0.7178568840026855,False,,,631,7c702a02,bc20a8e6390141229fbfe9d2f14935ab,2023-05-21_16-31-43,1684675903,300.6701965332031,103510,ds28,192.168.3.128,300.6701965332031,0,631,0.0323052406311035,1,672,ELU,1824,0.0396,None,100000,"/net/110-33034-1913.cc.spbu.ru/home/st082196/cuda-helm/ray_results/ndims=5,HyperOptSearch/trainable_7c702a02_74_L=1,N=672,activation=ELU,batch_size=1824,lr=0.0396,lr_scheduler=None,num_points=100000_2023-05-21_16-26-42"
74,300.3336319923401,1206.2906669463086,1217.70864,0.1776978344993044,0.0766,1.511026382446289,False,,,262,0471105f,bc20a8e6390141229fbfe9d2f14935ab,2023-05-21_16-36-44,1684676204,301.2257511615753,103510,ds28,192.168.3.128,301.2257511615753,0,262,0.0323052406311035,2,1056,sigmoid,9536,0.0766,None,100000,"/net/110-33034-1913.cc.spbu.ru/home/st082196/cuda-helm/ray_results/ndims=5,HyperOptSearch/trainable_0471105f_75_L=2,N=1056,activation=sigmoid,batch_size=9536,lr=0.0766,lr_scheduler=None,num_points=100000_2023-05-21_16-31-43"
75,300.14600801467896,1208.7149349787685,1217.69197,0.1776829072115174,2.560340806177943e-12,0.7619023323059082,False,,,521,c69bc275,bc20a8e6390141229fbfe9d2f14935ab,2023-05-21_16-41-45,1684676505,300.81577825546265,103510,ds28,192.168.3.128,300.81577825546265,0,521,0.0323052406311035,1,1920,tanh,5024,0.9818,ExponentialLR-0.95,100000,"/net/110-33034-1913.cc.spbu.ru/home/st082196/cuda-helm/ray_results/ndims=5,HyperOptSearch/trainable_c69bc275_76_L=1,N=1920,activation=tanh,batch_size=5024,lr=0.9818,lr_scheduler=ExponentialLR-0_95,num_points=100000_2023-05-21_16-36-44"
76,300.051080942154,0.42797327454472,0.428113828125,0.0012778445145926,1.2809038162231446e-08,0.7850358486175537,False,,,1130,77a5dd16,bc20a8e6390141229fbfe9d2f14935ab,2023-05-21_16-46-46,1684676806,300.678808927536,103510,ds28,192.168.3.128,300.678808927536,0,1130,0.0323052406311035,1,416,sin,2816,0.2149,ReduceLROnPlateau-0.5-2,100000,"/net/110-33034-1913.cc.spbu.ru/home/st082196/cuda-helm/ray_results/ndims=5,HyperOptSearch/trainable_77a5dd16_77_L=1,N=416,activation=sin,batch_size=2816,lr=0.2149,lr_scheduler=ReduceLROnPlateau-0_5-2,num_points=100000_2023-05-21_16-41-45"
77,300.362628698349,1205.39278,1217.69053,0.1776831914625587,0.4848,2.0726163387298584,False,,,247,c1e63414,bc20a8e6390141229fbfe9d2f14935ab,2023-05-21_16-51-47,1684677107,301.2639539241791,103510,ds28,192.168.3.128,301.2639539241791,0,247,0.0323052406311035,2,1184,tanh,18496,0.4848,None,100000,"/net/110-33034-1913.cc.spbu.ru/home/st082196/cuda-helm/ray_results/ndims=5,HyperOptSearch/trainable_c1e63414_78_L=2,N=1184,activation=tanh,batch_size=18496,lr=0.4848,lr_scheduler=None,num_points=100000_2023-05-21_16-46-46"
78,300.12122106552124,0.5409548717350154,0.53544275390625,0.0015238116611822,0.000121875,1.2771399021148682,False,,,323,8f1e1101,bc20a8e6390141229fbfe9d2f14935ab,2023-05-21_16-56-48,1684677408,300.78543519973755,103510,ds28,192.168.3.128,300.78543519973755,0,323,0.0323052406311035,2,544,sin,800,0.0039000000000000003,ReduceLROnPlateau-0.5-2,100000,"/net/110-33034-1913.cc.spbu.ru/home/st082196/cuda-helm/ray_results/ndims=5,HyperOptSearch/trainable_8f1e1101_79_L=2,N=544,activation=sin,batch_size=800,lr=0.0039,lr_scheduler=ReduceLROnPlateau-0_5-2,num_points=100000_2023-05-21_16-51-47"
79,300.17828130722046,1204.8943319515306,1217.69183,0.1776838947887094,1.8119812011718753e-08,0.6985812187194824,False,,,539,eea0bc9e,bc20a8e6390141229fbfe9d2f14935ab,2023-05-21_17-01-49,1684677709,300.62612891197205,103510,ds28,192.168.3.128,300.62612891197205,0,539,0.0323052406311035,1,1408,sin,2688,0.0095,ReduceLROnPlateau-0.5-2,100000,"/net/110-33034-1913.cc.spbu.ru/home/st082196/cuda-helm/ray_results/ndims=5,HyperOptSearch/trainable_eea0bc9e_80_L=1,N=1408,activation=sin,batch_size=2688,lr=0.0095,lr_scheduler=ReduceLROnPlateau-0_5-2,num_points=100000_2023-05-21_16-56-48"
80,300.106094121933,0.533668687133789,0.5331936083984375,0.0015450389651308,0.000121875,1.5518651008605957,False,,,327,52ce8303,bc20a8e6390141229fbfe9d2f14935ab,2023-05-21_17-06-49,1684678009,300.7645716667176,103510,ds28,192.168.3.128,300.7645716667176,0,327,0.0323052406311035,2,544,sin,800,0.0039000000000000003,ReduceLROnPlateau-0.5-2,100000,"/net/110-33034-1913.cc.spbu.ru/home/st082196/cuda-helm/ray_results/ndims=5,HyperOptSearch/trainable_52ce8303_81_L=2,N=544,activation=sin,batch_size=800,lr=0.0039,lr_scheduler=ReduceLROnPlateau-0_5-2,num_points=100000_2023-05-21_17-01-49"
81,300.23918652534485,0.5400766459378329,0.5255887548828125,0.0021145186758883,0.0005,1.1199886798858645,False,,,250,07c80534,bc20a8e6390141229fbfe9d2f14935ab,2023-05-21_17-11-51,1684678311,301.1803689002991,103510,ds28,192.168.3.128,301.1803689002991,0,250,0.0323052406311035,2,928,sin,1408,0.002,ReduceLROnPlateau-0.5-2,100000,"/net/110-33034-1913.cc.spbu.ru/home/st082196/cuda-helm/ray_results/ndims=5,HyperOptSearch/trainable_07c80534_82_L=2,N=928,activation=sin,batch_size=1408,lr=0.0020,lr_scheduler=ReduceLROnPlateau-0_5-2,num_points=100000_2023-05-21_17-06-49"
82,300.1992197036743,0.7838900864247703,0.8720863134765625,0.0026219047764075,0.00010625,1.0713560581207275,False,,,226,a0a30dfc,bc20a8e6390141229fbfe9d2f14935ab,2023-05-21_17-16-51,1684678611,300.94001030921936,103510,ds28,192.168.3.128,300.94001030921936,0,226,0.0323052406311035,3,576,sin,736,0.0034000000000000002,ReduceLROnPlateau-0.5-2,100000,"/net/110-33034-1913.cc.spbu.ru/home/st082196/cuda-helm/ray_results/ndims=5,HyperOptSearch/trainable_a0a30dfc_83_L=3,N=576,activation=sin,batch_size=736,lr=0.0034,lr_scheduler=ReduceLROnPlateau-0_5-2,num_points=100000_2023-05-21_17-11-51"
83,300.2304017543793,20.6511595733406,20.25923421875,0.0158501675942883,0.00085,1.6371781826019287,False,,,249,f649b39e,bc20a8e6390141229fbfe9d2f14935ab,2023-05-21_17-21-53,1684678913,301.0488064289093,103510,ds28,192.168.3.128,301.0488064289093,0,249,0.0323052406311035,2,928,sin,1376,0.0017000000000000001,ReduceLROnPlateau-0.5-2,100000,"/net/110-33034-1913.cc.spbu.ru/home/st082196/cuda-helm/ray_results/ndims=5,HyperOptSearch/trainable_f649b39e_84_L=2,N=928,activation=sin,batch_size=1376,lr=0.0017,lr_scheduler=ReduceLROnPlateau-0_5-2,num_points=100000_2023-05-21_17-16-51"
84,300.2021005153656,1205.5813496907551,1217.68963,0.1776825697164882,1.52587890625e-08,1.302961349487305,False,,,315,c68199cf,bc20a8e6390141229fbfe9d2f14935ab,2023-05-21_17-26-53,1684679213,300.8200783729553,103510,ds28,192.168.3.128,300.8200783729553,0,315,0.0323052406311035,2,800,sin,2048,0.001,ReduceLROnPlateau-0.5-2,100000,"/net/110-33034-1913.cc.spbu.ru/home/st082196/cuda-helm/ray_results/ndims=5,HyperOptSearch/trainable_c68199cf_85_L=2,N=800,activation=sin,batch_size=2048,lr=0.0010,lr_scheduler=ReduceLROnPlateau-0_5-2,num_points=100000_2023-05-21_17-21-53"
85,300.7564797401428,1167.1185821923898,1222.57929,0.1776811613333654,1.3160705566406251e-08,2.323988437652588,False,,,94,07baba82,bc20a8e6390141229fbfe9d2f14935ab,2023-05-21_17-31-55,1684679515,301.92646884918213,103510,ds28,192.168.3.128,301.92646884918213,0,94,0.0323052406311035,3,1344,sin,1184,0.006900000000000001,ReduceLROnPlateau-0.5-2,100000,"/net/110-33034-1913.cc.spbu.ru/home/st082196/cuda-helm/ray_results/ndims=5,HyperOptSearch/trainable_07baba82_86_L=3,N=1344,activation=sin,batch_size=1184,lr=0.0069,lr_scheduler=ReduceLROnPlateau-0_5-2,num_points=100000_2023-05-21_17-26-53"
86,300.25495290756226,1207.1865234375,1217.70678,0.1776952197598131,1.068115234375e-08,1.217167854309082,False,,,242,df653d1d,bc20a8e6390141229fbfe9d2f14935ab,2023-05-21_17-36-56,1684679816,301.0864050388336,103510,ds28,192.168.3.128,301.0864050388336,0,242,0.0323052406311035,2,992,sin,1536,0.0007,ReduceLROnPlateau-0.5-2,100000,"/net/110-33034-1913.cc.spbu.ru/home/st082196/cuda-helm/ray_results/ndims=5,HyperOptSearch/trainable_df653d1d_87_L=2,N=992,activation=sin,batch_size=1536,lr=0.0007,lr_scheduler=ReduceLROnPlateau-0_5-2,num_points=100000_2023-05-21_17-31-55"
87,300.0033850669861,1205.38639625,1217.691,0.1776826968139281,1.220703125e-08,1.5787510871887207,False,,,261,77769fc3,bc20a8e6390141229fbfe9d2f14935ab,2023-05-21_17-41-57,1684680117,300.4879686832428,103510,ds28,192.168.3.128,300.4879686832428,0,261,0.0323052406311035,2,448,sin,544,0.0004,ReduceLROnPlateau-0.5-2,100000,"/net/110-33034-1913.cc.spbu.ru/home/st082196/cuda-helm/ray_results/ndims=5,HyperOptSearch/trainable_77769fc3_88_L=2,N=448,activation=sin,batch_size=544,lr=0.0004,lr_scheduler=ReduceLROnPlateau-0_5-2,num_points=100000_2023-05-21_17-36-56"
88,300.4904992580414,19.920262602186696,19.9551696875,0.0160247676897989,0.0024,1.6956062316894531,False,,,141,28c83637,bc20a8e6390141229fbfe9d2f14935ab,2023-05-21_17-46-59,1684680419,301.61914682388306,103510,ds28,192.168.3.128,301.61914682388306,0,141,0.0323052406311035,2,1568,sin,3104,0.0024000000000000002,ReduceLROnPlateau-0.5-2,100000,"/net/110-33034-1913.cc.spbu.ru/home/st082196/cuda-helm/ray_results/ndims=5,HyperOptSearch/trainable_28c83637_89_L=2,N=1568,activation=sin,batch_size=3104,lr=0.0024,lr_scheduler=ReduceLROnPlateau-0_5-2,num_points=100000_2023-05-21_17-41-57"
89,300.6706700325012,46.25511013903237,53.194115,0.0274274840962509,0.0006125,1.7473280429840088,False,,,117,fa2a6b3b,bc20a8e6390141229fbfe9d2f14935ab,2023-05-21_17-52-00,1684680720,301.7583432197571,103510,ds28,192.168.3.128,301.7583432197571,0,117,0.0323052406311035,3,1280,sin,3872,0.0049,ReduceLROnPlateau-0.5-2,100000,"/net/110-33034-1913.cc.spbu.ru/home/st082196/cuda-helm/ray_results/ndims=5,HyperOptSearch/trainable_fa2a6b3b_90_L=3,N=1280,activation=sin,batch_size=3872,lr=0.0049,lr_scheduler=ReduceLROnPlateau-0_5-2,num_points=100000_2023-05-21_17-46-59"
90,300.1797511577606,0.3436569003907059,0.3301081665039062,0.0016594633900544,0.00050625,1.4095416069030762,False,,,277,5534617b,bc20a8e6390141229fbfe9d2f14935ab,2023-05-21_17-57-01,1684681021,301.0130729675293,103510,ds28,192.168.3.128,301.0130729675293,0,277,0.0323052406311035,2,768,sin,928,0.0081,ReduceLROnPlateau-0.5-2,100000,"/net/110-33034-1913.cc.spbu.ru/home/st082196/cuda-helm/ray_results/ndims=5,HyperOptSearch/trainable_5534617b_91_L=2,N=768,activation=sin,batch_size=928,lr=0.0081,lr_scheduler=ReduceLROnPlateau-0_5-2,num_points=100000_2023-05-21_17-52-00"
91,300.69940996170044,1205.3863575,1217.69093,0.177683167417171,1.220703125e-08,4.007054567337036,False,,,108,b7f47244,bc20a8e6390141229fbfe9d2f14935ab,2023-05-21_18-02-03,1684681323,301.99090027809143,103510,ds28,192.168.3.128,301.99090027809143,0,108,0.0323052406311035,2,1856,sin,2464,0.0001,ReduceLROnPlateau-0.5-2,100000,"/net/110-33034-1913.cc.spbu.ru/home/st082196/cuda-helm/ray_results/ndims=5,HyperOptSearch/trainable_b7f47244_92_L=2,N=1856,activation=sin,batch_size=2464,lr=0.0001,lr_scheduler=ReduceLROnPlateau-0_5-2,num_points=100000_2023-05-21_17-57-01"
92,300.109680891037,1831.592743844697,5434.496,0.1766730330177843,1.8787384033203127e-08,1.7314534187316897,False,,,564,7457872c,bc20a8e6390141229fbfe9d2f14935ab,2023-05-21_18-07-05,1684681625,301.5669598579407,103510,ds28,192.168.3.128,301.5669598579407,0,564,0.0323052406311035,3,1760,sin,480,0.019700000000000002,ReduceLROnPlateau-0.5-2,10000,"/net/110-33034-1913.cc.spbu.ru/home/st082196/cuda-helm/ray_results/ndims=5,HyperOptSearch/trainable_7457872c_93_L=3,N=1760,activation=sin,batch_size=480,lr=0.0197,lr_scheduler=ReduceLROnPlateau-0_5-2,num_points=10000_2023-05-21_18-02-03"
93,300.16327595710754,326272668.54912,995191197.53216,0.1776832739038633,1.583099365234375e-08,3.0139153003692627,False,,,145,ebea3c12,bc20a8e6390141229fbfe9d2f14935ab,2023-05-21_18-12-06,1684681926,301.2019002437592,103510,ds28,192.168.3.128,301.2019002437592,0,145,0.0323052406311035,4,768,sin,960,0.0083,ReduceLROnPlateau-0.5-2,100000,"/net/110-33034-1913.cc.spbu.ru/home/st082196/cuda-helm/ray_results/ndims=5,HyperOptSearch/trainable_ebea3c12_94_L=4,N=768,activation=sin,batch_size=960,lr=0.0083,lr_scheduler=ReduceLROnPlateau-0_5-2,num_points=100000_2023-05-21_18-07-05"
94,300.3386423587799,1206.6978120434624,1217.6904,0.1776827191418474,1.220703125e-08,1.532803297042847,False,,,200,28a8c093,bc20a8e6390141229fbfe9d2f14935ab,2023-05-21_18-17-07,1684682227,301.1024680137634,103510,ds28,192.168.3.128,301.1024680137634,0,200,0.0323052406311035,2,1120,sin,1184,0.0002,ReduceLROnPlateau-0.5-2,100000,"/net/110-33034-1913.cc.spbu.ru/home/st082196/cuda-helm/ray_results/ndims=5,HyperOptSearch/trainable_28a8c093_95_L=2,N=1120,activation=sin,batch_size=1184,lr=0.0002,lr_scheduler=ReduceLROnPlateau-0_5-2,num_points=100000_2023-05-21_18-12-06"
95,181.5475046634674,51.71567939453125,52.506543125,0.0260706577112412,0.0003625,1.812147617340088,False,,,100,9ed626f2,bc20a8e6390141229fbfe9d2f14935ab,2023-05-21_18-20-09,1684682409,181.61295127868647,103510,ds28,192.168.3.128,181.61295127868647,0,100,0.0323052406311035,3,928,sin,1952,0.0029000000000000002,ReduceLROnPlateau-0.5-2,100000,"/net/110-33034-1913.cc.spbu.ru/home/st082196/cuda-helm/ray_results/ndims=5,HyperOptSearch/trainable_9ed626f2_96_L=3,N=928,activation=sin,batch_size=1952,lr=0.0029,lr_scheduler=ReduceLROnPlateau-0_5-2,num_points=100000_2023-05-21_18-17-07"
