,epoch,elapsed_time,MSE_f_train,MSE_f,RMSE_u,lr,time_this_iter_s,done,timesteps_total,episodes_total,training_iteration,trial_id,experiment_id,date,timestamp,time_total_s,pid,hostname,node_ip,time_since_restore,timesteps_since_restore,iterations_since_restore,warmup_time,config/L,config/N,config/activation,config/batch_size,config/lr,config/lr_scheduler,config/num_points,config/use_sobol,logdir
0,596.4992,300.01221776008606,1219.7967701447317,1203.7033,0.1767070930339686,5.287723679538736e-16,1.4134597778320312,False,,,597,66812_00000,cc6402111e9641d1b7621c46f4a9f592,2023-06-01_15-44-58,1685623498,301.7809720039368,15859,ds01,192.168.3.71,301.7809720039368,0,597,0.0035152435302734,1,256,ELU,128,0.01,ExponentialLR-0.95,10000,False,"/net/110-33034-1913.cc.spbu.ru/home/st082196/cuda-helm/ray_results/ndims=5,InitialSearch/trainable_66812_00000_0_L=1,N=256,activation=ELU,batch_size=128,lr=0.0100,lr_scheduler=ExponentialLR-0_95,num_points=10000,use_sob_2023-06-01_15-39-50"
1,860.0,300.0920057296753,1213.2558475,1211.32432,0.1777621956248273,1.0000000000000004e-08,1.034308910369873,False,,,860,66812_00001,cc6402111e9641d1b7621c46f4a9f592,2023-06-01_15-49-59,1685623799,300.74235582351685,15859,ds01,192.168.3.71,300.74235582351685,0,860,0.0035152435302734,3,128,ELU,8192,0.001,ReduceLROnPlateau-0.1-10,100000,False,"/net/110-33034-1913.cc.spbu.ru/home/st082196/cuda-helm/ray_results/ndims=5,InitialSearch/trainable_66812_00001_1_L=3,N=128,activation=ELU,batch_size=8192,lr=0.0010,lr_scheduler=ReduceLROnPlateau-0_1-10,num_points=100000_2023-06-01_15-44-58"
2,2655.6144,300.0370457172394,1214.8988037109375,1203.8411,0.1766721434314092,1.52587890625e-08,0.7339179515838623,False,,,2656,66812_00002,cc6402111e9641d1b7621c46f4a9f592,2023-06-01_15-55-00,1685624100,300.6986222267151,15859,ds01,192.168.3.71,300.6986222267151,0,2656,0.0035152435302734,4,256,ELU,2048,0.001,ReduceLROnPlateau-0.5-2,10000,False,"/net/110-33034-1913.cc.spbu.ru/home/st082196/cuda-helm/ray_results/ndims=5,InitialSearch/trainable_66812_00002_2_L=4,N=256,activation=ELU,batch_size=2048,lr=0.0010,lr_scheduler=ReduceLROnPlateau-0_5-2,num_points=10000,u_2023-06-01_15-49-59"
3,130.72448,300.0409564971924,1218.3912918576082,1217.69082,0.1776823979630465,1.220703125e-08,2.18151330947876,False,,,131,66812_00003,cc6402111e9641d1b7621c46f4a9f592,2023-06-01_16-00-00,1685624400,300.5595271587372,15859,ds01,192.168.3.71,300.5595271587372,0,131,0.0035152435302734,1,128,tanh,256,0.0001,ReduceLROnPlateau-0.5-2,100000,False,"/net/110-33034-1913.cc.spbu.ru/home/st082196/cuda-helm/ray_results/ndims=5,InitialSearch/trainable_66812_00003_3_L=1,N=128,activation=tanh,batch_size=256,lr=0.0001,lr_scheduler=ReduceLROnPlateau-0_5-2,num_points=100000,_2023-06-01_15-55-00"
4,174.37376,300.1221742630005,1228.2113789597602,1239.06125,0.1776826349827525,1.1920928955078126e-08,1.3409714698791504,False,,,175,66812_00004,cc6402111e9641d1b7621c46f4a9f592,2023-06-01_16-05-01,1685624701,300.7508280277252,15859,ds01,192.168.3.71,300.7508280277252,0,175,0.0035152435302734,3,256,sin,512,0.1,ReduceLROnPlateau-0.5-2,100000,False,"/net/110-33034-1913.cc.spbu.ru/home/st082196/cuda-helm/ray_results/ndims=5,InitialSearch/trainable_66812_00004_4_L=3,N=256,activation=sin,batch_size=512,lr=0.1000,lr_scheduler=ReduceLROnPlateau-0_5-2,num_points=100000,u_2023-06-01_16-00-00"
5,67.360448,301.0757346153259,1206.5045637650924,1208.303742,0.1769971045133324,1.9073486328125e-08,3.073119878768921,False,,,68,66812_00006,63b2c85487524e26937c2544942fed25,2023-06-01_16-10-11,1685625011,302.4885833263397,27834,ds01,192.168.3.71,302.4885833263397,0,68,0.0035901069641113,1,1024,sin,8192,0.01,ReduceLROnPlateau-0.5-2,1000000,False,"/net/110-33034-1913.cc.spbu.ru/home/st082196/cuda-helm/ray_results/ndims=5,InitialSearch/trainable_66812_00006_6_L=1,N=1024,activation=sin,batch_size=8192,lr=0.0100,lr_scheduler=ReduceLROnPlateau-0_5-2,num_points=100000_2023-06-01_16-05-02"
6,71.0,300.8645193576813,1205.3557721875,1208.299583,0.1769959975829973,1.220703125e-08,4.717806577682495,False,,,71,66812_00007,63b2c85487524e26937c2544942fed25,2023-06-01_16-15-12,1685625312,301.36350440979004,27834,ds01,192.168.3.71,301.36350440979004,0,71,0.0035901069641113,1,1024,sin,16384,0.0001,ReduceLROnPlateau-0.5-2,1000000,True,"/net/110-33034-1913.cc.spbu.ru/home/st082196/cuda-helm/ray_results/ndims=5,InitialSearch/trainable_66812_00007_7_L=1,N=1024,activation=sin,batch_size=16384,lr=0.0001,lr_scheduler=ReduceLROnPlateau-0_5-2,num_points=10000_2023-06-01_16-10-11"
7,7.620544,308.2608585357666,1209.4642020751148,1208.29953,0.1769959347360439,6.983372960937497e-05,28.52720141410828,False,,,8,66812_00008,63b2c85487524e26937c2544942fed25,2023-06-01_16-20-21,1685625621,308.906436920166,27834,ds01,192.168.3.71,308.906436920166,0,8,0.0035901069641113,3,1024,sigmoid,1024,0.0001,ExponentialLR-0.95,1000000,False,"/net/110-33034-1913.cc.spbu.ru/home/st082196/cuda-helm/ray_results/ndims=5,InitialSearch/trainable_66812_00008_8_L=3,N=1024,activation=sigmoid,batch_size=1024,lr=0.0001,lr_scheduler=ExponentialLR-0_95,num_points=1000000_2023-06-01_16-15-12"
8,4.569856,312.5658962726593,37355097008398.49,24294042052337.86,76419.2277376341,0.8145062499999999,44.35189414024353,False,,,5,66812_00009,63b2c85487524e26937c2544942fed25,2023-06-01_16-25-34,1685625934,313.2771735191345,27834,ds01,192.168.3.71,313.2771735191345,0,5,0.0035901069641113,4,1024,ELU,512,1.0,ExponentialLR-0.95,1000000,True,"/net/110-33034-1913.cc.spbu.ru/home/st082196/cuda-helm/ray_results/ndims=5,InitialSearch/trainable_66812_00009_9_L=4,N=1024,activation=ELU,batch_size=512,lr=1,lr_scheduler=ExponentialLR-0_95,num_points=1000000,use_sobol_2023-06-01_16-20-21"
9,11463.0,300.0082321166992,1209.2976,1203.8911,0.1766886302802545,4.65547309140179e-258,0.821272611618042,False,,,11463,66812_00010,63b2c85487524e26937c2544942fed25,2023-06-01_16-30-35,1685626235,300.8040008544922,27834,ds01,192.168.3.71,300.8040008544922,0,11463,0.0035901069641113,4,64,sigmoid,16384,0.01,ExponentialLR-0.95,10000,True,"/net/110-33034-1913.cc.spbu.ru/home/st082196/cuda-helm/ray_results/ndims=5,InitialSearch/trainable_66812_00010_10_L=4,N=64,activation=sigmoid,batch_size=16384,lr=0.0100,lr_scheduler=ExponentialLR-0_95,num_points=10000,u_2023-06-01_16-25-34"
10,630.5888,300.0154769420624,1207.591141410496,1203.8594,0.1766711761091023,1.52587890625e-08,0.7792134284973145,False,,,631,66812_00011,63b2c85487524e26937c2544942fed25,2023-06-01_16-35-36,1685626536,300.5126478672028,27834,ds01,192.168.3.71,300.5126478672028,0,631,0.0035901069641113,1,256,ELU,128,0.001,ReduceLROnPlateau-0.5-2,10000,True,"/net/110-33034-1913.cc.spbu.ru/home/st082196/cuda-helm/ray_results/ndims=5,InitialSearch/trainable_66812_00011_11_L=1,N=256,activation=ELU,batch_size=128,lr=0.0010,lr_scheduler=ReduceLROnPlateau-0_5-2,num_points=10000,u_2023-06-01_16-30-35"
11,22.68672,300.15396785736084,1201.803392081425,1211.97631,0.1772815918740093,0.0001,9.730464696884155,False,,,23,66812_00012,63b2c85487524e26937c2544942fed25,2023-06-01_16-40-36,1685626836,300.80068016052246,27834,ds01,192.168.3.71,300.80068016052246,0,23,0.0035901069641113,4,256,tanh,64,0.0001,ReduceLROnPlateau-0.1-10,100000,False,"/net/110-33034-1913.cc.spbu.ru/home/st082196/cuda-helm/ray_results/ndims=5,InitialSearch/trainable_66812_00012_12_L=4,N=256,activation=tanh,batch_size=64,lr=0.0001,lr_scheduler=ReduceLROnPlateau-0_1-10,num_points=100000_2023-06-01_16-35-36"
12,609.98304,300.1646685600281,1.3059034659773831e+19,1.7978585705101148e+19,0.2780457280374629,1.0,1.0882952213287354,False,,,610,66812_00013,63b2c85487524e26937c2544942fed25,2023-06-01_16-45-37,1685627137,300.7846851348877,27834,ds01,192.168.3.71,300.7846851348877,0,610,0.0035901069641113,3,256,sin,16384,1.0,None,100000,True,"/net/110-33034-1913.cc.spbu.ru/home/st082196/cuda-helm/ray_results/ndims=5,InitialSearch/trainable_66812_00013_13_L=3,N=256,activation=sin,batch_size=16384,lr=1,lr_scheduler=None,num_points=100000,use_sobol=True_2023-06-01_16-40-36"
13,268.67584,300.1476683616638,1205.737217758641,1217.69157,0.1776828153236213,1.0000000000000004e-08,1.2794551849365234,False,,,269,66812_00014,63b2c85487524e26937c2544942fed25,2023-06-01_16-50-38,1685627438,300.6309962272644,27834,ds01,192.168.3.71,300.6309962272644,0,269,0.0035901069641113,4,256,tanh,1024,0.0001,ReduceLROnPlateau-0.1-10,100000,True,"/net/110-33034-1913.cc.spbu.ru/home/st082196/cuda-helm/ray_results/ndims=5,InitialSearch/trainable_66812_00014_14_L=4,N=256,activation=tanh,batch_size=1024,lr=0.0001,lr_scheduler=ReduceLROnPlateau-0_1-10,num_points=1000_2023-06-01_16-45-37"
14,7872.4096,300.01240253448486,1151.0068359375,1203.8584,0.1766704074295639,1.220703125e-08,0.5784883499145508,False,,,7873,66812_00015,63b2c85487524e26937c2544942fed25,2023-06-01_16-55-38,1685627738,300.57397532463074,27834,ds01,192.168.3.71,300.57397532463074,0,7873,0.0035901069641113,1,256,tanh,2048,0.0001,ReduceLROnPlateau-0.5-2,10000,False,"/net/110-33034-1913.cc.spbu.ru/home/st082196/cuda-helm/ray_results/ndims=5,InitialSearch/trainable_66812_00015_15_L=1,N=256,activation=tanh,batch_size=2048,lr=0.0001,lr_scheduler=ReduceLROnPlateau-0_5-2,num_points=10000_2023-06-01_16-50-38"
15,253.70656,300.1869549751282,1205.702585413836,1217.69242,0.1776832404120879,2.3124488654311548e-10,1.388974905014038,False,,,254,66812_00016,63b2c85487524e26937c2544942fed25,2023-06-01_17-00-39,1685628039,300.74169921875,27834,ds01,192.168.3.71,300.74169921875,0,254,0.0035901069641113,1,2048,sigmoid,1024,0.0001,ExponentialLR-0.95,100000,True,"/net/110-33034-1913.cc.spbu.ru/home/st082196/cuda-helm/ray_results/ndims=5,InitialSearch/trainable_66812_00016_16_L=1,N=2048,activation=sigmoid,batch_size=1024,lr=0.0001,lr_scheduler=ExponentialLR-0_95,num_points=100000_2023-06-01_16-55-38"
16,5818.8192,300.027375459671,1208.51708984375,1203.7242,0.1768317568052858,2.4884881128127514e-132,0.8051843643188477,False,,,5819,66812_00017,63b2c85487524e26937c2544942fed25,2023-06-01_17-05-40,1685628340,300.7954967021942,27834,ds01,192.168.3.71,300.7954967021942,0,5819,0.0035901069641113,2,256,ELU,8192,0.01,ExponentialLR-0.95,10000,True,"/net/110-33034-1913.cc.spbu.ru/home/st082196/cuda-helm/ray_results/ndims=5,InitialSearch/trainable_66812_00017_17_L=2,N=256,activation=ELU,batch_size=8192,lr=0.0100,lr_scheduler=ExponentialLR-0_95,num_points=10000,use_s_2023-06-01_17-00-39"
17,9.67968,301.15029644966125,1211.1889528436177,1208.300244,0.1769970064071695,2.5e-05,21.880306482315063,False,,,10,66812_00018,63b2c85487524e26937c2544942fed25,2023-06-01_17-10-42,1685628642,301.65565609931946,27834,ds01,192.168.3.71,301.65565609931946,0,10,0.0035901069641113,3,256,sigmoid,256,0.0001,ReduceLROnPlateau-0.5-2,1000000,False,"/net/110-33034-1913.cc.spbu.ru/home/st082196/cuda-helm/ray_results/ndims=5,InitialSearch/trainable_66812_00018_18_L=3,N=256,activation=sigmoid,batch_size=256,lr=0.0001,lr_scheduler=ReduceLROnPlateau-0_5-2,num_points=100_2023-06-01_17-05-40"
18,2575.0,300.0095419883728,1129.6159,1217.0411,0.1820430186646311,0.0001,0.8637053966522217,False,,,2575,66812_00019,63b2c85487524e26937c2544942fed25,2023-06-01_17-15-43,1685628943,300.76608061790466,27834,ds01,192.168.3.71,300.76608061790466,0,2575,0.0035901069641113,2,512,tanh,1024,0.0001,None,10000,False,"/net/110-33034-1913.cc.spbu.ru/home/st082196/cuda-helm/ray_results/ndims=5,InitialSearch/trainable_66812_00019_19_L=2,N=512,activation=tanh,batch_size=1024,lr=0.0001,lr_scheduler=None,num_points=10000,use_sobol=False_2023-06-01_17-10-42"
19,443.0384,300.022885799408,1183.3144938151042,1203.8635,0.1766742162470897,1.52587890625e-08,0.9225633144378662,False,,,444,66812_00021,07b60527410a4669a5ccb3624499efcd,2023-06-01_17-20-51,1685629251,301.5054843425751,22070,ds01,192.168.3.71,301.5054843425751,0,444,0.0037603378295898,3,256,sin,128,0.001,ReduceLROnPlateau-0.5-2,10000,True,"/net/110-33034-1913.cc.spbu.ru/home/st082196/cuda-helm/ray_results/ndims=5,InitialSearch/trainable_66812_00021_21_L=3,N=256,activation=sin,batch_size=128,lr=0.0010,lr_scheduler=ReduceLROnPlateau-0_5-2,num_points=10000,u_2023-06-01_17-15-44"
20,143.3328,300.43498611450195,9.374972308920124e+17,4.423562555512793e+18,0.1767030863139934,1.0000000000000004e-08,2.169631242752075,False,,,144,66812_00022,07b60527410a4669a5ccb3624499efcd,2023-06-01_17-25-53,1685629553,301.67504501342773,22070,ds01,192.168.3.71,301.67504501342773,0,144,0.0037603378295898,4,2048,sin,256,0.1,ReduceLROnPlateau-0.1-10,10000,True,"/net/110-33034-1913.cc.spbu.ru/home/st082196/cuda-helm/ray_results/ndims=5,InitialSearch/trainable_66812_00022_22_L=4,N=2048,activation=sin,batch_size=256,lr=0.1000,lr_scheduler=ReduceLROnPlateau-0_1-10,num_points=10000_2023-06-01_17-20-51"
21,42.18432,301.4848494529724,1185.1066335042317,1173.15413,0.1747158363575583,1.1598222130000555e-05,3.398525714874268,False,,,43,66812_00023,07b60527410a4669a5ccb3624499efcd,2023-06-01_17-30-55,1685629855,302.4248402118683,22070,ds01,192.168.3.71,302.4248402118683,0,43,0.0037603378295898,2,2048,tanh,512,0.0001,ExponentialLR-0.95,100000,False,"/net/110-33034-1913.cc.spbu.ru/home/st082196/cuda-helm/ray_results/ndims=5,InitialSearch/trainable_66812_00023_23_L=2,N=2048,activation=tanh,batch_size=512,lr=0.0001,lr_scheduler=ExponentialLR-0_95,num_points=100000,use_2023-06-01_17-25-53"
22,158.2048,300.4636266231537,1209.643524169922,1203.9088,0.1767013074393657,1.0000000000000004e-08,1.490257740020752,False,,,159,66812_00024,07b60527410a4669a5ccb3624499efcd,2023-06-01_17-35-56,1685630156,301.2700984477997,22070,ds01,192.168.3.71,301.2700984477997,0,159,0.0037603378295898,4,2048,sigmoid,512,0.001,ReduceLROnPlateau-0.1-10,10000,True,"/net/110-33034-1913.cc.spbu.ru/home/st082196/cuda-helm/ray_results/ndims=5,InitialSearch/trainable_66812_00024_24_L=4,N=2048,activation=sigmoid,batch_size=512,lr=0.0010,lr_scheduler=ReduceLROnPlateau-0_1-10,num_points=1_2023-06-01_17-30-55"
23,631.45056,300.107754945755,1206.3996027166193,1217.69014,0.1776838544269665,1.9073486328125e-08,0.8088877201080322,False,,,632,66812_00025,07b60527410a4669a5ccb3624499efcd,2023-06-01_17-40-57,1685630457,300.6641163825989,22070,ds01,192.168.3.71,300.6641163825989,0,632,0.0037603378295898,1,1024,tanh,4096,0.01,ReduceLROnPlateau-0.5-2,100000,True,"/net/110-33034-1913.cc.spbu.ru/home/st082196/cuda-helm/ray_results/ndims=5,InitialSearch/trainable_66812_00025_25_L=1,N=1024,activation=tanh,batch_size=4096,lr=0.0100,lr_scheduler=ReduceLROnPlateau-0_5-2,num_points=1000_2023-06-01_17-35-56"
24,39.557056,301.6034598350525,1205.7635982737822,1208.695422,0.1770850927264008,1.0,5.585918188095093,False,,,40,66812_00026,07b60527410a4669a5ccb3624499efcd,2023-06-01_17-45-59,1685630759,302.2712438106537,22070,ds01,192.168.3.71,302.2712438106537,0,40,0.0037603378295898,1,1024,atan,4096,1.0,None,1000000,True,"/net/110-33034-1913.cc.spbu.ru/home/st082196/cuda-helm/ray_results/ndims=5,InitialSearch/trainable_66812_00026_26_L=1,N=1024,activation=atan,batch_size=4096,lr=1,lr_scheduler=None,num_points=1000000,use_sobol=True_2023-06-01_17-40-57"
25,559.5504,300.0374903678894,5.935549237007319,33.079978125,0.0126928962168708,0.003125,0.9336974620819092,False,,,560,66812_00027,07b60527410a4669a5ccb3624499efcd,2023-06-01_17-51-00,1685631060,300.6987783908844,22070,ds01,192.168.3.71,300.6987783908844,0,560,0.0037603378295898,1,2048,atan,128,0.1,ReduceLROnPlateau-0.5-2,10000,False,"/net/110-33034-1913.cc.spbu.ru/home/st082196/cuda-helm/ray_results/ndims=5,InitialSearch/trainable_66812_00027_27_L=1,N=2048,activation=atan,batch_size=128,lr=0.1000,lr_scheduler=ReduceLROnPlateau-0_5-2,num_points=10000_2023-06-01_17-45-59"
26,779.0,300.1434996128082,1209.2199,1203.9556,0.176733255372857,1.0000000000000004e-08,1.1989235877990725,False,,,779,66812_00028,07b60527410a4669a5ccb3624499efcd,2023-06-01_17-56-01,1685631361,300.975727558136,22070,ds01,192.168.3.71,300.975727558136,0,779,0.0037603378295898,3,1024,ELU,16384,0.001,ReduceLROnPlateau-0.1-10,10000,True,"/net/110-33034-1913.cc.spbu.ru/home/st082196/cuda-helm/ray_results/ndims=5,InitialSearch/trainable_66812_00028_28_L=3,N=1024,activation=ELU,batch_size=16384,lr=0.0010,lr_scheduler=ReduceLROnPlateau-0_1-10,num_points=100_2023-06-01_17-51-00"
27,4.39744,300.5032014846802,1205.9024667343656,1208.305378,0.1770031892305975,0.005,27.9444100856781,False,,,5,66812_00029,07b60527410a4669a5ccb3624499efcd,2023-06-01_18-01-02,1685631662,301.0879645347595,22070,ds01,192.168.3.71,301.0879645347595,0,5,0.0037603378295898,4,64,tanh,128,0.01,ReduceLROnPlateau-0.5-2,1000000,False,"/net/110-33034-1913.cc.spbu.ru/home/st082196/cuda-helm/ray_results/ndims=5,InitialSearch/trainable_66812_00029_29_L=4,N=64,activation=tanh,batch_size=128,lr=0.0100,lr_scheduler=ReduceLROnPlateau-0_5-2,num_points=1000000_2023-06-01_17-56-01"
28,6770.0,300.00442576408386,1209.565425,1203.5518,0.1769195349603484,1.0,0.8171987533569336,False,,,6770,66812_00030,07b60527410a4669a5ccb3624499efcd,2023-06-01_18-06-03,1685631963,300.7849659919739,22070,ds01,192.168.3.71,300.7849659919739,0,6770,0.0037603378295898,1,256,ELU,2048,1.0,None,10000,True,"/net/110-33034-1913.cc.spbu.ru/home/st082196/cuda-helm/ray_results/ndims=5,InitialSearch/trainable_66812_00030_30_L=1,N=256,activation=ELU,batch_size=2048,lr=1,lr_scheduler=None,num_points=10000,use_sobol=True_2023-06-01_18-01-02"
29,29.958464,300.5690507888794,1188.2238160483855,1186.671387,0.1775066405007852,0.001,10.219566345214844,False,,,30,66812_00031,07b60527410a4669a5ccb3624499efcd,2023-06-01_18-11-04,1685632264,301.1934106349945,22070,ds01,192.168.3.71,301.1934106349945,0,30,0.0037603378295898,3,64,atan,1024,0.001,ReduceLROnPlateau-0.1-10,1000000,False,"/net/110-33034-1913.cc.spbu.ru/home/st082196/cuda-helm/ray_results/ndims=5,InitialSearch/trainable_66812_00031_31_L=3,N=64,activation=atan,batch_size=1024,lr=0.0010,lr_scheduler=ReduceLROnPlateau-0_1-10,num_points=10000_2023-06-01_18-06-03"
30,3.74112,314.52365732192993,1084.999210675228,1077.064021,0.1672589557798751,0.0001,66.17174053192139,False,,,4,66812_00032,07b60527410a4669a5ccb3624499efcd,2023-06-01_18-16-20,1685632580,315.42793321609497,22070,ds01,192.168.3.71,315.42793321609497,0,4,0.0037603378295898,2,2048,tanh,256,0.0001,None,1000000,False,"/net/110-33034-1913.cc.spbu.ru/home/st082196/cuda-helm/ray_results/ndims=5,InitialSearch/trainable_66812_00032_32_L=2,N=2048,activation=tanh,batch_size=256,lr=0.0001,lr_scheduler=None,num_points=1000000,use_sobol=False_2023-06-01_18-11-04"
31,2388.2048,300.02338194847107,1160.3289794921875,1203.8564,0.1766697769371089,1.220703125e-08,0.5749385356903076,False,,,2389,66812_00033,07b60527410a4669a5ccb3624499efcd,2023-06-01_18-21-20,1685632880,300.559623003006,22070,ds01,192.168.3.71,300.559623003006,0,2389,0.0037603378295898,4,256,sigmoid,1024,0.0001,ReduceLROnPlateau-0.5-2,10000,False,"/net/110-33034-1913.cc.spbu.ru/home/st082196/cuda-helm/ray_results/ndims=5,InitialSearch/trainable_66812_00033_33_L=4,N=256,activation=sigmoid,batch_size=1024,lr=0.0001,lr_scheduler=ReduceLROnPlateau-0_5-2,num_points=10_2023-06-01_18-16-20"
32,6.57344,311.9735996723175,1205.5699602399554,1208.581376,0.177128795596572,0.7350918906249998,32.44244456291199,False,,,7,66812_00034,07b60527410a4669a5ccb3624499efcd,2023-06-01_18-26-33,1685633193,312.75954604148865,22070,ds01,192.168.3.71,312.75954604148865,0,7,0.0037603378295898,4,1024,tanh,16384,1.0,ExponentialLR-0.95,1000000,True,"/net/110-33034-1913.cc.spbu.ru/home/st082196/cuda-helm/ray_results/ndims=5,InitialSearch/trainable_66812_00034_34_L=4,N=1024,activation=tanh,batch_size=16384,lr=1,lr_scheduler=ExponentialLR-0_95,num_points=1000000,use_s_2023-06-01_18-21-20"
33,11921.0,300.0056312084198,1059.3791875,1080.7477,0.1714509061160302,0.001,0.8886187076568604,False,,,11921,66812_00035,07b60527410a4669a5ccb3624499efcd,2023-06-01_18-31-34,1685633494,300.8755481243133,22070,ds01,192.168.3.71,300.8755481243133,0,11921,0.0037603378295898,1,128,tanh,8192,0.001,None,10000,True,"/net/110-33034-1913.cc.spbu.ru/home/st082196/cuda-helm/ray_results/ndims=5,InitialSearch/trainable_66812_00035_35_L=1,N=128,activation=tanh,batch_size=8192,lr=0.0010,lr_scheduler=None,num_points=10000,use_sobol=True_2023-06-01_18-26-33"
34,387.21504,300.0834028720856,1244.388427734375,1217.81778,0.1778392187334575,1.0,0.9197986125946044,False,,,388,66812_00036,07b60527410a4669a5ccb3624499efcd,2023-06-01_18-36-35,1685633795,300.7804138660431,22070,ds01,192.168.3.71,300.7804138660431,0,388,0.0037603378295898,2,256,sigmoid,1024,1.0,None,100000,False,"/net/110-33034-1913.cc.spbu.ru/home/st082196/cuda-helm/ray_results/ndims=5,InitialSearch/trainable_66812_00036_36_L=2,N=256,activation=sigmoid,batch_size=1024,lr=1,lr_scheduler=None,num_points=100000,use_sobol=False_2023-06-01_18-31-34"
35,15.244736,301.56074833869934,1333.3568965640527,1324.973445,0.17699595611608,0.0046329123015975,6.788803339004517,False,,,16,66812_00037,07b60527410a4669a5ccb3624499efcd,2023-06-01_18-41-37,1685634097,302.3877651691437,22070,ds01,192.168.3.71,302.3877651691437,0,16,0.0037603378295898,4,256,sin,512,0.01,ExponentialLR-0.95,1000000,True,"/net/110-33034-1913.cc.spbu.ru/home/st082196/cuda-helm/ray_results/ndims=5,InitialSearch/trainable_66812_00037_37_L=4,N=256,activation=sin,batch_size=512,lr=0.0100,lr_scheduler=ExponentialLR-0_95,num_points=1000000,use__2023-06-01_18-36-35"
36,13.2944,302.9313385486603,1074.7302198327106,1062.29619,0.1613261430152162,0.001,9.620004177093506,False,,,14,66812_00038,07b60527410a4669a5ccb3624499efcd,2023-06-01_18-46-41,1685634401,303.87109088897705,22070,ds01,192.168.3.71,303.87109088897705,0,14,0.0037603378295898,3,2048,ELU,64,0.001,ReduceLROnPlateau-0.1-10,100000,False,"/net/110-33034-1913.cc.spbu.ru/home/st082196/cuda-helm/ray_results/ndims=5,InitialSearch/trainable_66812_00038_38_L=3,N=2048,activation=ELU,batch_size=64,lr=0.0010,lr_scheduler=ReduceLROnPlateau-0_1-10,num_points=100000_2023-06-01_18-41-37"
37,14.0,304.7524869441986,661.9823444375,622.3861905,0.1119517322142188,0.0513342083279504,22.271207571029663,False,,,14,66812_00039,07b60527410a4669a5ccb3624499efcd,2023-06-01_18-51-47,1685634707,305.49463629722595,22070,ds01,192.168.3.71,305.49463629722595,0,14,0.0037603378295898,2,1024,ELU,16384,0.1,ExponentialLR-0.95,1000000,True,"/net/110-33034-1913.cc.spbu.ru/home/st082196/cuda-helm/ray_results/ndims=5,InitialSearch/trainable_66812_00039_39_L=2,N=1024,activation=ELU,batch_size=16384,lr=0.1000,lr_scheduler=ExponentialLR-0_95,num_points=1000000,u_2023-06-01_18-46-41"
38,818.4096,300.096209526062,1201.9603271484375,1203.9766,0.1767565132894241,1.0000000000000004e-08,1.0990092754364014,False,,,819,66812_00040,07b60527410a4669a5ccb3624499efcd,2023-06-01_18-56-48,1685635008,301.0135426521301,22070,ds01,192.168.3.71,301.0135426521301,0,819,0.0037603378295898,3,1024,sigmoid,4096,0.01,ReduceLROnPlateau-0.1-10,10000,True,"/net/110-33034-1913.cc.spbu.ru/home/st082196/cuda-helm/ray_results/ndims=5,InitialSearch/trainable_66812_00040_40_L=3,N=1024,activation=sigmoid,batch_size=4096,lr=0.0100,lr_scheduler=ReduceLROnPlateau-0_1-10,num_points=_2023-06-01_18-51-47"
39,44.0,300.4461889266968,1190.335126875,1193.905993,0.1780325693915586,0.001,7.511656284332275,False,,,44,66812_00041,07b60527410a4669a5ccb3624499efcd,2023-06-01_19-01-49,1685635309,301.20429515838623,22070,ds01,192.168.3.71,301.20429515838623,0,44,0.0037603378295898,1,2048,tanh,16384,1.0,ReduceLROnPlateau-0.1-10,1000000,False,"/net/110-33034-1913.cc.spbu.ru/home/st082196/cuda-helm/ray_results/ndims=5,InitialSearch/trainable_66812_00041_41_L=1,N=2048,activation=tanh,batch_size=16384,lr=1,lr_scheduler=ReduceLROnPlateau-0_1-10,num_points=1000000_2023-06-01_18-56-48"
40,204.1728,300.019422531128,194275767.55555555,251751143.8336,0.1766769713269548,2.8550615738835003e-05,0.9157965183258056,False,,,205,66812_00042,07b60527410a4669a5ccb3624499efcd,2023-06-01_19-06-50,1685635610,300.662312746048,22070,ds01,192.168.3.71,300.662312746048,0,205,0.0037603378295898,4,64,sin,64,1.0,ExponentialLR-0.95,10000,True,"/net/110-33034-1913.cc.spbu.ru/home/st082196/cuda-helm/ray_results/ndims=5,InitialSearch/trainable_66812_00042_42_L=4,N=64,activation=sin,batch_size=64,lr=1,lr_scheduler=ExponentialLR-0_95,num_points=10000,use_sobol=Tru_2023-06-01_19-01-49"
41,15555.0,300.0031189918518,977.7248,1195.7741,0.1742518186104882,1.0,0.8466794490814209,False,,,15555,66812_00043,07b60527410a4669a5ccb3624499efcd,2023-06-01_19-11-50,1685635910,300.83739972114563,22070,ds01,192.168.3.71,300.83739972114563,0,15555,0.0037603378295898,1,64,sigmoid,32768,1.0,None,10000,False,"/net/110-33034-1913.cc.spbu.ru/home/st082196/cuda-helm/ray_results/ndims=5,InitialSearch/trainable_66812_00043_43_L=1,N=64,activation=sigmoid,batch_size=32768,lr=1,lr_scheduler=None,num_points=10000,use_sobol=False_2023-06-01_19-06-50"
42,18.524288,304.1823761463165,906.4296531677246,899.866086,0.1502964483434108,0.001,11.131889820098875,False,,,19,66812_00044,07b60527410a4669a5ccb3624499efcd,2023-06-01_19-16-55,1685636215,304.8912115097046,22070,ds01,192.168.3.71,304.8912115097046,0,19,0.0037603378295898,4,512,sin,32768,0.001,ReduceLROnPlateau-0.5-2,1000000,False,"/net/110-33034-1913.cc.spbu.ru/home/st082196/cuda-helm/ray_results/ndims=5,InitialSearch/trainable_66812_00044_44_L=4,N=512,activation=sin,batch_size=32768,lr=0.0010,lr_scheduler=ReduceLROnPlateau-0_5-2,num_points=10000_2023-06-01_19-11-50"
43,18.346624,300.4526424407959,627.0945150130257,583.3284885,0.113363455759811,0.01,6.657151937484741,False,,,19,66812_00045,07b60527410a4669a5ccb3624499efcd,2023-06-01_19-21-56,1685636516,301.1577248573303,22070,ds01,192.168.3.71,301.1577248573303,0,19,0.0037603378295898,2,64,atan,512,0.01,None,1000000,True,"/net/110-33034-1913.cc.spbu.ru/home/st082196/cuda-helm/ray_results/ndims=5,InitialSearch/trainable_66812_00045_45_L=2,N=64,activation=atan,batch_size=512,lr=0.0100,lr_scheduler=None,num_points=1000000,use_sobol=True_2023-06-01_19-16-55"
44,23.408576,301.9027955532074,1209.8153660518483,1208.301371,0.1769983980785229,0.001,7.20760440826416,False,,,24,66812_00046,07b60527410a4669a5ccb3624499efcd,2023-06-01_19-26-59,1685636819,302.734254360199,22070,ds01,192.168.3.71,302.734254360199,0,24,0.0037603378295898,2,512,ELU,1024,0.1,ReduceLROnPlateau-0.1-10,1000000,False,"/net/110-33034-1913.cc.spbu.ru/home/st082196/cuda-helm/ray_results/ndims=5,InitialSearch/trainable_66812_00046_46_L=2,N=512,activation=ELU,batch_size=1024,lr=0.1000,lr_scheduler=ReduceLROnPlateau-0_1-10,num_points=10000_2023-06-01_19-21-57"
45,21.88832,300.8531062602997,1.2304146898315648e+16,1.5952112631022532e+16,0.1776873718755034,0.01,13.211623430252075,False,,,22,66812_00047,07b60527410a4669a5ccb3624499efcd,2023-06-01_19-32-01,1685637121,301.8786337375641,22070,ds01,192.168.3.71,301.8786337375641,0,22,0.0037603378295898,3,1024,sin,64,0.1,ReduceLROnPlateau-0.1-10,100000,True,"/net/110-33034-1913.cc.spbu.ru/home/st082196/cuda-helm/ray_results/ndims=5,InitialSearch/trainable_66812_00047_47_L=3,N=1024,activation=sin,batch_size=64,lr=0.1000,lr_scheduler=ReduceLROnPlateau-0_1-10,num_points=100000_2023-06-01_19-26-59"
46,881.98304,300.11426758766174,1205.3319702148438,1217.69175,0.1776827723853358,1.0,1.201012372970581,False,,,882,66812_00048,07b60527410a4669a5ccb3624499efcd,2023-06-01_19-37-02,1685637422,300.996164560318,22070,ds01,192.168.3.71,300.996164560318,0,882,0.0037603378295898,4,128,sigmoid,16384,1.0,None,100000,True,"/net/110-33034-1913.cc.spbu.ru/home/st082196/cuda-helm/ray_results/ndims=5,InitialSearch/trainable_66812_00048_48_L=4,N=128,activation=sigmoid,batch_size=16384,lr=1,lr_scheduler=None,num_points=100000,use_sobol=True_2023-06-01_19-32-01"
47,971.7168,300.07396936416626,1169.4825265066963,1185.5852,0.1793043469303658,1.0000000000000004e-08,1.065704345703125,False,,,972,66812_00049,07b60527410a4669a5ccb3624499efcd,2023-06-01_19-42-03,1685637723,300.92757272720337,22070,ds01,192.168.3.71,300.92757272720337,0,972,0.0037603378295898,2,1024,atan,1024,0.001,ReduceLROnPlateau-0.1-10,10000,False,"/net/110-33034-1913.cc.spbu.ru/home/st082196/cuda-helm/ray_results/ndims=5,InitialSearch/trainable_66812_00049_49_L=2,N=1024,activation=atan,batch_size=1024,lr=0.0010,lr_scheduler=ReduceLROnPlateau-0_1-10,num_points=100_2023-06-01_19-37-02"
48,47.336896,300.5768404006958,1206.9114593227584,1210.854626,0.1798458054359627,1.0,3.196364641189575,False,,,48,66812_00050,07b60527410a4669a5ccb3624499efcd,2023-06-01_19-47-04,1685638024,301.25919365882874,22070,ds01,192.168.3.71,301.25919365882874,0,48,0.0037603378295898,1,512,tanh,1024,1.0,None,1000000,True,"/net/110-33034-1913.cc.spbu.ru/home/st082196/cuda-helm/ray_results/ndims=5,InitialSearch/trainable_66812_00050_50_L=1,N=512,activation=tanh,batch_size=1024,lr=1,lr_scheduler=None,num_points=1000000,use_sobol=True_2023-06-01_19-42-03"
49,2185.0512,300.01736283302307,555.44873046875,680.7885,0.1306507607205387,2.118739465100308e-50,0.7240626811981201,False,,,2186,66812_00051,07b60527410a4669a5ccb3624499efcd,2023-06-01_19-52-05,1685638325,300.7373287677765,22070,ds01,192.168.3.71,300.7373287677765,0,2186,0.0037603378295898,1,1024,tanh,512,0.1,ExponentialLR-0.95,10000,False,"/net/110-33034-1913.cc.spbu.ru/home/st082196/cuda-helm/ray_results/ndims=5,InitialSearch/trainable_66812_00051_51_L=1,N=1024,activation=tanh,batch_size=512,lr=0.1000,lr_scheduler=ExponentialLR-0_95,num_points=10000,use__2023-06-01_19-47-04"
50,5.39232,300.52553057670593,1205.3127366531148,1208.29953,0.1769959388741156,0.001,22.60893416404724,False,,,6,66812_00052,07b60527410a4669a5ccb3624499efcd,2023-06-01_19-57-06,1685638626,301.0020363330841,22070,ds01,192.168.3.71,301.0020363330841,0,6,0.0037603378295898,2,128,sin,128,0.001,None,1000000,True,"/net/110-33034-1913.cc.spbu.ru/home/st082196/cuda-helm/ray_results/ndims=5,InitialSearch/trainable_66812_00052_52_L=2,N=128,activation=sin,batch_size=128,lr=0.0010,lr_scheduler=None,num_points=1000000,use_sobol=True_2023-06-01_19-52-05"
51,201.5952,300.0307478904724,1207.2455555905578,1203.9177,0.1767081119698173,0.01,1.529632329940796,False,,,202,66812_00053,07b60527410a4669a5ccb3624499efcd,2023-06-01_20-02-07,1685638927,300.6680028438568,22070,ds01,192.168.3.71,300.6680028438568,0,202,0.0037603378295898,4,256,sigmoid,64,0.01,None,10000,True,"/net/110-33034-1913.cc.spbu.ru/home/st082196/cuda-helm/ray_results/ndims=5,InitialSearch/trainable_66812_00053_53_L=4,N=256,activation=sigmoid,batch_size=64,lr=0.0100,lr_scheduler=None,num_points=10000,use_sobol=True_2023-06-01_19-57-06"
52,1.892928,340.9314720630646,1210.4905043435754,1208.302472,0.1769988587768316,0.0001,163.97308564186096,False,,,2,66812_00054,07b60527410a4669a5ccb3624499efcd,2023-06-01_20-07-49,1685639269,341.87031745910645,22070,ds01,192.168.3.71,341.87031745910645,0,2,0.0037603378295898,4,2048,tanh,1024,0.0001,None,1000000,False,"/net/110-33034-1913.cc.spbu.ru/home/st082196/cuda-helm/ray_results/ndims=5,InitialSearch/trainable_66812_00054_54_L=4,N=2048,activation=tanh,batch_size=1024,lr=0.0001,lr_scheduler=None,num_points=1000000,use_sobol=False_2023-06-01_20-02-07"
53,5537.0,300.0068373680115,690.053475,620.49535,0.0828782674798344,1.0,0.8886458873748779,False,,,5537,66812_00055,07b60527410a4669a5ccb3624499efcd,2023-06-01_20-12-50,1685639570,300.860356092453,22070,ds01,192.168.3.71,300.860356092453,0,5537,0.0037603378295898,1,512,sin,2048,1.0,None,10000,False,"/net/110-33034-1913.cc.spbu.ru/home/st082196/cuda-helm/ray_results/ndims=5,InitialSearch/trainable_66812_00055_55_L=1,N=512,activation=sin,batch_size=2048,lr=1,lr_scheduler=None,num_points=10000,use_sobol=False_2023-06-01_20-07-49"
54,2.03712,328.49490547180176,1207.273306169181,1208.388044,0.1770935694900758,0.9025,34.055320262908936,False,,,3,66812_00056,07b60527410a4669a5ccb3624499efcd,2023-06-01_20-18-19,1685639899,329.64153242111206,22070,ds01,192.168.3.71,329.64153242111206,0,3,0.0037603378295898,3,2048,sigmoid,256,1.0,ExponentialLR-0.95,1000000,True,"/net/110-33034-1913.cc.spbu.ru/home/st082196/cuda-helm/ray_results/ndims=5,InitialSearch/trainable_66812_00056_56_L=3,N=2048,activation=sigmoid,batch_size=256,lr=1,lr_scheduler=ExponentialLR-0_95,num_points=1000000,use__2023-06-01_20-12-50"
55,2.061952,301.53395223617554,1205.8173271998887,1208.299548,0.1769959431846069,0.0001,11.032775402069092,False,,,3,66812_00057,07b60527410a4669a5ccb3624499efcd,2023-06-01_20-23-21,1685640201,302.0878953933716,22070,ds01,192.168.3.71,302.0878953933716,0,3,0.0037603378295898,4,256,sin,64,0.0001,ReduceLROnPlateau-0.1-10,1000000,True,"/net/110-33034-1913.cc.spbu.ru/home/st082196/cuda-helm/ray_results/ndims=5,InitialSearch/trainable_66812_00057_57_L=4,N=256,activation=sin,batch_size=64,lr=0.0001,lr_scheduler=ReduceLROnPlateau-0_1-10,num_points=1000000_2023-06-01_20-18-19"
56,468.21504,300.0372681617737,1243.6936616443452,1217.68628,0.177684971670974,0.0001,0.7230312824249268,False,,,469,66812_00058,07b60527410a4669a5ccb3624499efcd,2023-06-01_20-28-22,1685640502,300.60456442832947,22070,ds01,192.168.3.71,300.60456442832947,0,469,0.0037603378295898,1,64,ELU,1024,0.0001,None,100000,False,"/net/110-33034-1913.cc.spbu.ru/home/st082196/cuda-helm/ray_results/ndims=5,InitialSearch/trainable_66812_00058_58_L=1,N=64,activation=ELU,batch_size=1024,lr=0.0001,lr_scheduler=None,num_points=100000,use_sobol=False_2023-06-01_20-23-21"
57,463.2048,300.1804165840149,1209.591064453125,1203.919,0.1766892088897506,1.52587890625e-08,1.1997876167297363,False,,,464,66812_00059,07b60527410a4669a5ccb3624499efcd,2023-06-01_20-33-23,1685640803,301.1152288913727,22070,ds01,192.168.3.71,301.1152288913727,0,464,0.0037603378295898,4,1024,atan,2048,0.001,ReduceLROnPlateau-0.5-2,10000,True,"/net/110-33034-1913.cc.spbu.ru/home/st082196/cuda-helm/ray_results/ndims=5,InitialSearch/trainable_66812_00059_59_L=4,N=1024,activation=atan,batch_size=2048,lr=0.0010,lr_scheduler=ReduceLROnPlateau-0_5-2,num_points=1000_2023-06-01_20-28-22"
58,5.6656,302.9661452770233,819.6182771770771,809.935542,0.1308215920268121,0.1,37.70595383644104,False,,,6,66812_00060,07b60527410a4669a5ccb3624499efcd,2023-06-01_20-38-27,1685641107,303.59149837493896,22070,ds01,192.168.3.71,303.59149837493896,0,6,0.0037603378295898,1,2048,atan,128,0.1,None,1000000,True,"/net/110-33034-1913.cc.spbu.ru/home/st082196/cuda-helm/ray_results/ndims=5,InitialSearch/trainable_66812_00060_60_L=1,N=2048,activation=atan,batch_size=128,lr=0.1000,lr_scheduler=None,num_points=1000000,use_sobol=True_2023-06-01_20-33-23"
59,25.515584,300.62762570381165,29.78848536319979,26.43917653125,0.0195954974914729,0.1,7.004509687423706,False,,,26,66812_00061,07b60527410a4669a5ccb3624499efcd,2023-06-01_20-43-28,1685641408,301.24376797676086,22070,ds01,192.168.3.71,301.24376797676086,0,26,0.0037603378295898,1,512,sigmoid,512,0.1,ReduceLROnPlateau-0.5-2,1000000,False,"/net/110-33034-1913.cc.spbu.ru/home/st082196/cuda-helm/ray_results/ndims=5,InitialSearch/trainable_66812_00061_61_L=1,N=512,activation=sigmoid,batch_size=512,lr=0.1000,lr_scheduler=ReduceLROnPlateau-0_5-2,num_points=100_2023-06-01_20-38-27"
60,253.6656,300.2038617134094,899.7845637394831,1597.13955,0.1776845465866492,2.3124488654311558e-07,1.5148606300354004,False,,,254,66812_00062,07b60527410a4669a5ccb3624499efcd,2023-06-01_20-48-29,1685641709,300.8764224052429,22070,ds01,192.168.3.71,300.8764224052429,0,254,0.0037603378295898,2,512,sin,1024,0.1,ExponentialLR-0.95,100000,True,"/net/110-33034-1913.cc.spbu.ru/home/st082196/cuda-helm/ray_results/ndims=5,InitialSearch/trainable_66812_00062_62_L=2,N=512,activation=sin,batch_size=1024,lr=0.1000,lr_scheduler=ExponentialLR-0_95,num_points=100000,use__2023-06-01_20-43-28"
61,20.08768,300.07253217697144,1221.150709611656,1217.70753,0.1776918853744584,0.0035848592240854,2.0916285514831543,False,,,21,66812_00063,07b60527410a4669a5ccb3624499efcd,2023-06-01_20-53-30,1685642010,300.7645351886749,22070,ds01,192.168.3.71,300.7645351886749,0,21,0.0037603378295898,3,64,atan,64,0.01,ExponentialLR-0.95,100000,False,"/net/110-33034-1913.cc.spbu.ru/home/st082196/cuda-helm/ray_results/ndims=5,InitialSearch/trainable_66812_00063_63_L=3,N=64,activation=atan,batch_size=64,lr=0.0100,lr_scheduler=ExponentialLR-0_95,num_points=100000,use_so_2023-06-01_20-48-29"
62,1875.98304,300.0718855857849,1205.3306884765625,1217.72218,0.1777113034476053,0.0001,0.8858168125152588,False,,,1876,66812_00064,07b60527410a4669a5ccb3624499efcd,2023-06-01_20-58-31,1685642311,300.738534450531,22070,ds01,192.168.3.71,300.738534450531,0,1876,0.0037603378295898,3,64,sigmoid,32768,0.0001,None,100000,True,"/net/110-33034-1913.cc.spbu.ru/home/st082196/cuda-helm/ray_results/ndims=5,InitialSearch/trainable_66812_00064_64_L=3,N=64,activation=sigmoid,batch_size=32768,lr=0.0001,lr_scheduler=None,num_points=100000,use_sobol=True_2023-06-01_20-53-30"
63,357.41984,300.1166503429413,1238.6975841987423,1217.69288,0.1776884968260378,1.9073486328125e-08,1.0193071365356443,False,,,358,66812_00065,07b60527410a4669a5ccb3624499efcd,2023-06-01_21-03-31,1685642611,300.7452051639557,22070,ds01,192.168.3.71,300.7452051639557,0,358,0.0037603378295898,1,1024,sin,1024,0.01,ReduceLROnPlateau-0.5-2,100000,False,"/net/110-33034-1913.cc.spbu.ru/home/st082196/cuda-helm/ray_results/ndims=5,InitialSearch/trainable_66812_00065_65_L=1,N=1024,activation=sin,batch_size=1024,lr=0.0100,lr_scheduler=ReduceLROnPlateau-0_5-2,num_points=10000_2023-06-01_20-58-31"
64,3.331328,301.0273132324219,116.87979547015392,112.303651375,0.0482537023873053,0.0857375,31.11948275566101,False,,,4,66812_00066,07b60527410a4669a5ccb3624499efcd,2023-06-01_21-08-33,1685642913,301.65435218811035,22070,ds01,192.168.3.71,301.65435218811035,0,4,0.0037603378295898,1,1024,sigmoid,64,0.1,ExponentialLR-0.95,1000000,False,"/net/110-33034-1913.cc.spbu.ru/home/st082196/cuda-helm/ray_results/ndims=5,InitialSearch/trainable_66812_00066_66_L=1,N=1024,activation=sigmoid,batch_size=64,lr=0.1000,lr_scheduler=ExponentialLR-0_95,num_points=1000000,_2023-06-01_21-03-31"
65,2032.0,300.00986766815186,1156.2091025,1167.38675,0.1743925903636116,5.710081955892407e-47,0.9424738883972168,False,,,2032,66812_00067,07b60527410a4669a5ccb3624499efcd,2023-06-01_21-13-34,1685643214,300.8200323581696,22070,ds01,192.168.3.71,300.8200323581696,0,2032,0.0037603378295898,1,256,sin,32768,0.1,ExponentialLR-0.95,100000,False,"/net/110-33034-1913.cc.spbu.ru/home/st082196/cuda-helm/ray_results/ndims=5,InitialSearch/trainable_66812_00067_67_L=1,N=256,activation=sin,batch_size=32768,lr=0.1000,lr_scheduler=ExponentialLR-0_95,num_points=100000,use_2023-06-01_21-08-33"
66,3821.0,300.00763392448425,1205.69925,1203.9124,0.1767636178259374,8.019960021733257e-88,0.8093938827514648,False,,,3821,66812_00068,07b60527410a4669a5ccb3624499efcd,2023-06-01_21-18-35,1685643515,300.75602197647095,22070,ds01,192.168.3.71,300.75602197647095,0,3821,0.0037603378295898,1,256,tanh,1024,0.01,ExponentialLR-0.95,10000,False,"/net/110-33034-1913.cc.spbu.ru/home/st082196/cuda-helm/ray_results/ndims=5,InitialSearch/trainable_66812_00068_68_L=1,N=256,activation=tanh,batch_size=1024,lr=0.0100,lr_scheduler=ExponentialLR-0_95,num_points=10000,use__2023-06-01_21-13-34"
67,159.04608,300.06830883026123,1202.2377115885415,1217.6946,0.1776848634677878,0.001,0.6622292995452881,False,,,160,66812_00069,07b60527410a4669a5ccb3624499efcd,2023-06-01_21-23-35,1685643815,300.5905315876007,22070,ds01,192.168.3.71,300.5905315876007,0,160,0.0037603378295898,4,64,sigmoid,512,0.001,None,100000,True,"/net/110-33034-1913.cc.spbu.ru/home/st082196/cuda-helm/ray_results/ndims=5,InitialSearch/trainable_66812_00069_69_L=4,N=64,activation=sigmoid,batch_size=512,lr=0.0010,lr_scheduler=None,num_points=100000,use_sobol=True_2023-06-01_21-18-35"
68,2.3344,307.9286787509918,1201.0276535340815,1208.3986,0.1771053462784789,0.001,50.074806213378906,False,,,3,66812_00070,07b60527410a4669a5ccb3624499efcd,2023-06-01_21-28-44,1685644124,308.7368712425232,22070,ds01,192.168.3.71,308.7368712425232,0,3,0.0037603378295898,3,1024,tanh,64,0.001,ReduceLROnPlateau-0.5-2,1000000,False,"/net/110-33034-1913.cc.spbu.ru/home/st082196/cuda-helm/ray_results/ndims=5,InitialSearch/trainable_66812_00070_70_L=3,N=1024,activation=tanh,batch_size=64,lr=0.0010,lr_scheduler=ReduceLROnPlateau-0_5-2,num_points=100000_2023-06-01_21-23-35"
69,1577.6144,300.0459172725677,1208.0941975911458,1203.9076,0.1767004611723343,1.0000000000000004e-08,0.9738202095031738,False,,,1578,66812_00071,07b60527410a4669a5ccb3624499efcd,2023-06-01_21-33-45,1685644425,300.9056417942047,22070,ds01,192.168.3.71,300.9056417942047,0,1578,0.0037603378295898,3,512,sigmoid,1024,1.0,ReduceLROnPlateau-0.1-10,10000,True,"/net/110-33034-1913.cc.spbu.ru/home/st082196/cuda-helm/ray_results/ndims=5,InitialSearch/trainable_66812_00071_71_L=3,N=512,activation=sigmoid,batch_size=1024,lr=1,lr_scheduler=ReduceLROnPlateau-0_1-10,num_points=10000,_2023-06-01_21-28-44"
70,4.540928,302.7810678482056,1205.4875299369787,1208.299485,0.1769959345636243,0.05,37.82453513145447,False,,,5,66812_00072,07b60527410a4669a5ccb3624499efcd,2023-06-01_21-38-48,1685644728,303.4298596382141,22070,ds01,192.168.3.71,303.4298596382141,0,5,0.0037603378295898,3,512,sigmoid,128,0.1,ReduceLROnPlateau-0.5-2,1000000,True,"/net/110-33034-1913.cc.spbu.ru/home/st082196/cuda-helm/ray_results/ndims=5,InitialSearch/trainable_66812_00072_72_L=3,N=512,activation=sigmoid,batch_size=128,lr=0.1000,lr_scheduler=ReduceLROnPlateau-0_5-2,num_points=100_2023-06-01_21-33-45"
71,22.8192,303.0254888534546,1205.6727600097656,1217.65745,0.177682628971387,0.001,12.329790353775024,False,,,23,66812_00073,07b60527410a4669a5ccb3624499efcd,2023-06-01_21-43-52,1685645032,303.97674345970154,22070,ds01,192.168.3.71,303.97674345970154,0,23,0.0037603378295898,3,2048,ELU,1024,0.01,ReduceLROnPlateau-0.1-10,100000,True,"/net/110-33034-1913.cc.spbu.ru/home/st082196/cuda-helm/ray_results/ndims=5,InitialSearch/trainable_66812_00073_73_L=3,N=2048,activation=ELU,batch_size=1024,lr=0.0100,lr_scheduler=ReduceLROnPlateau-0_1-10,num_points=1000_2023-06-01_21-38-48"
72,191.0,300.01958298683167,1208.3819,1203.6192,0.1766746567172889,1.0000000000000004e-08,2.2550466060638428,False,,,191,66812_00074,07b60527410a4669a5ccb3624499efcd,2023-06-01_21-48-53,1685645333,300.7252130508423,22070,ds01,192.168.3.71,300.7252130508423,0,191,0.0037603378295898,3,128,atan,64,0.01,ReduceLROnPlateau-0.1-10,10000,True,"/net/110-33034-1913.cc.spbu.ru/home/st082196/cuda-helm/ray_results/ndims=5,InitialSearch/trainable_66812_00074_74_L=3,N=128,activation=atan,batch_size=64,lr=0.0100,lr_scheduler=ReduceLROnPlateau-0_1-10,num_points=10000,_2023-06-01_21-43-52"
73,49.83072,300.47450852394104,54930.39365851309,9900.07096,0.177688009920841,0.0001,5.7487709522247314,False,,,50,66812_00075,07b60527410a4669a5ccb3624499efcd,2023-06-01_21-53-54,1685645634,301.1706893444061,22070,ds01,192.168.3.71,301.1706893444061,0,50,0.0037603378295898,2,1024,sin,128,0.1,ReduceLROnPlateau-0.1-10,100000,False,"/net/110-33034-1913.cc.spbu.ru/home/st082196/cuda-helm/ray_results/ndims=5,InitialSearch/trainable_66812_00075_75_L=2,N=1024,activation=sin,batch_size=128,lr=0.1000,lr_scheduler=ReduceLROnPlateau-0_1-10,num_points=10000_2023-06-01_21-48-53"
74,80.0,300.78976011276245,1208.76219625,1217.69046,0.1776825508236177,5.960464477539064e-08,4.547990798950195,False,,,80,66812_00076,07b60527410a4669a5ccb3624499efcd,2023-06-01_21-58-56,1685645936,301.62417435646057,22070,ds01,192.168.3.71,301.62417435646057,0,80,0.0037603378295898,3,1024,sigmoid,2048,1.0,ReduceLROnPlateau-0.5-2,100000,False,"/net/110-33034-1913.cc.spbu.ru/home/st082196/cuda-helm/ray_results/ndims=5,InitialSearch/trainable_66812_00076_76_L=3,N=1024,activation=sigmoid,batch_size=2048,lr=1,lr_scheduler=ReduceLROnPlateau-0_5-2,num_points=100000_2023-06-01_21-53-54"
75,530.4736,300.03939867019653,828.8786835541596,891.9039,0.1417198159241887,0.1,1.047262191772461,False,,,531,66812_00077,07b60527410a4669a5ccb3624499efcd,2023-06-01_22-03-57,1685646237,300.90652441978455,22070,ds01,192.168.3.71,300.90652441978455,0,531,0.0037603378295898,1,2048,atan,128,0.1,None,10000,True,"/net/110-33034-1913.cc.spbu.ru/home/st082196/cuda-helm/ray_results/ndims=5,InitialSearch/trainable_66812_00077_77_L=1,N=2048,activation=atan,batch_size=128,lr=0.1000,lr_scheduler=None,num_points=10000,use_sobol=True_2023-06-01_21-58-56"
76,22.258048,302.97337222099304,18.707166580926803,17.33809428125,0.0118775798755819,0.1,6.2698814868927,False,,,23,66812_00078,07b60527410a4669a5ccb3624499efcd,2023-06-01_22-09-01,1685646541,303.5897135734558,22070,ds01,192.168.3.71,303.5897135734558,0,23,0.0037603378295898,1,2048,atan,4096,0.1,None,1000000,True,"/net/110-33034-1913.cc.spbu.ru/home/st082196/cuda-helm/ray_results/ndims=5,InitialSearch/trainable_66812_00078_78_L=1,N=2048,activation=atan,batch_size=4096,lr=0.1000,lr_scheduler=None,num_points=1000000,use_sobol=True_2023-06-01_22-03-57"
77,567.8192,300.1149559020996,1221.1727172851563,1217.63693,0.17768245807677,1.0000000000000004e-08,1.083005428314209,False,,,568,66812_00079,07b60527410a4669a5ccb3624499efcd,2023-06-01_22-14-01,1685646841,300.72912859916687,22070,ds01,192.168.3.71,300.72912859916687,0,568,0.0037603378295898,4,128,ELU,4096,0.01,ReduceLROnPlateau-0.1-10,100000,False,"/net/110-33034-1913.cc.spbu.ru/home/st082196/cuda-helm/ray_results/ndims=5,InitialSearch/trainable_66812_00079_79_L=4,N=128,activation=ELU,batch_size=4096,lr=0.0100,lr_scheduler=ReduceLROnPlateau-0_1-10,num_points=10000_2023-06-01_22-09-01"
78,76.86272,300.0637993812561,1205.951095807446,1217.69181,0.1776830051107189,0.0001,3.88735556602478,False,,,77,66812_00080,07b60527410a4669a5ccb3624499efcd,2023-06-01_22-19-02,1685647142,300.5684139728546,22070,ds01,192.168.3.71,300.5684139728546,0,77,0.0037603378295898,3,64,atan,256,0.0001,None,100000,True,"/net/110-33034-1913.cc.spbu.ru/home/st082196/cuda-helm/ray_results/ndims=5,InitialSearch/trainable_66812_00080_80_L=3,N=64,activation=atan,batch_size=256,lr=0.0001,lr_scheduler=None,num_points=100000,use_sobol=True_2023-06-01_22-14-01"
79,4635.8192,300.0241358280182,1208.2745971679688,1203.8694,0.1766752699190709,5.609323842481995e-107,0.6325604915618896,False,,,4636,66812_00081,07b60527410a4669a5ccb3624499efcd,2023-06-01_22-24-03,1685647443,300.6175980567932,22070,ds01,192.168.3.71,300.6175980567932,0,4636,0.0037603378295898,4,128,sigmoid,4096,0.001,ExponentialLR-0.95,10000,True,"/net/110-33034-1913.cc.spbu.ru/home/st082196/cuda-helm/ray_results/ndims=5,InitialSearch/trainable_66812_00081_81_L=4,N=128,activation=sigmoid,batch_size=4096,lr=0.0010,lr_scheduler=ExponentialLR-0_95,num_points=10000,u_2023-06-01_22-19-02"
80,102.0,300.4905033111572,1202.6361895,1208.299558,0.1769959537884149,5.624502759317295e-06,3.441713571548462,False,,,102,66812_00082,07b60527410a4669a5ccb3624499efcd,2023-06-01_22-29-04,1685647744,300.9880604743957,22070,ds01,192.168.3.71,300.9880604743957,0,102,0.0037603378295898,4,64,sigmoid,4096,0.001,ExponentialLR-0.95,1000000,False,"/net/110-33034-1913.cc.spbu.ru/home/st082196/cuda-helm/ray_results/ndims=5,InitialSearch/trainable_66812_00082_82_L=4,N=64,activation=sigmoid,batch_size=4096,lr=0.0010,lr_scheduler=ExponentialLR-0_95,num_points=1000000,_2023-06-01_22-24-03"
81,3100.4096,300.03876543045044,1231.0269775390625,1206.041,0.1775730552234945,0.01,0.8651480674743652,False,,,3101,66812_00083,07b60527410a4669a5ccb3624499efcd,2023-06-01_22-34-04,1685648044,300.851361989975,22070,ds01,192.168.3.71,300.851361989975,0,3101,0.0037603378295898,4,256,ELU,4096,0.01,None,10000,False,"/net/110-33034-1913.cc.spbu.ru/home/st082196/cuda-helm/ray_results/ndims=5,InitialSearch/trainable_66812_00083_83_L=4,N=256,activation=ELU,batch_size=4096,lr=0.0100,lr_scheduler=None,num_points=10000,use_sobol=False_2023-06-01_22-29-04"
82,1139.4608,300.04769587516785,1200.834764268663,1203.8566,0.176669837395387,1.220703125e-08,0.6704113483428955,False,,,1140,66812_00084,07b60527410a4669a5ccb3624499efcd,2023-06-01_22-39-05,1685648345,300.5820333957672,22070,ds01,192.168.3.71,300.5820333957672,0,1140,0.0037603378295898,3,512,atan,512,0.0001,ReduceLROnPlateau-0.5-2,10000,False,"/net/110-33034-1913.cc.spbu.ru/home/st082196/cuda-helm/ray_results/ndims=5,InitialSearch/trainable_66812_00084_84_L=3,N=512,activation=atan,batch_size=512,lr=0.0001,lr_scheduler=ReduceLROnPlateau-0_5-2,num_points=10000,_2023-06-01_22-34-04"
83,823.0,300.12842869758606,1227.73775,1203.846,0.1766700619545247,1.0000000000000004e-08,1.1821191310882568,False,,,823,66812_00085,07b60527410a4669a5ccb3624499efcd,2023-06-01_22-44-06,1685648646,300.96198630332947,22070,ds01,192.168.3.71,300.96198630332947,0,823,0.0037603378295898,3,1024,sigmoid,4096,1.0,ReduceLROnPlateau-0.1-10,10000,False,"/net/110-33034-1913.cc.spbu.ru/home/st082196/cuda-helm/ray_results/ndims=5,InitialSearch/trainable_66812_00085_85_L=3,N=1024,activation=sigmoid,batch_size=4096,lr=1,lr_scheduler=ReduceLROnPlateau-0_1-10,num_points=10000_2023-06-01_22-39-05"
84,125.1152,300.06953859329224,0.3849966333972083,0.38308580078125,0.0012496762079848,0.0001642293073083,1.1531250476837158,False,,,126,66812_00086,07b60527410a4669a5ccb3624499efcd,2023-06-01_22-49-07,1685648947,300.87700486183167,22070,ds01,192.168.3.71,300.87700486183167,0,126,0.0037603378295898,1,512,sin,256,0.1,ExponentialLR-0.95,100000,True,"/net/110-33034-1913.cc.spbu.ru/home/st082196/cuda-helm/ray_results/ndims=5,InitialSearch/trainable_66812_00086_86_L=1,N=512,activation=sin,batch_size=256,lr=0.1000,lr_scheduler=ExponentialLR-0_95,num_points=100000,use_s_2023-06-01_22-44-06"
85,2.0,303.21678495407104,1205.54061603125,1208.314183,0.1770134955827046,0.01,152.2073380947113,False,,,2,66812_00087,07b60527410a4669a5ccb3624499efcd,2023-06-01_22-54-11,1685649251,303.83061051368713,22070,ds01,192.168.3.71,303.83061051368713,0,2,0.0037603378295898,4,1024,tanh,64,0.01,ReduceLROnPlateau-0.1-10,1000000,True,"/net/110-33034-1913.cc.spbu.ru/home/st082196/cuda-helm/ray_results/ndims=5,InitialSearch/trainable_66812_00087_87_L=4,N=1024,activation=tanh,batch_size=64,lr=0.0100,lr_scheduler=ReduceLROnPlateau-0_1-10,num_points=10000_2023-06-01_22-49-07"
86,5210.2048,300.0167512893677,2126.256591796875,2164.4526,0.4054361138117971,1.4901161193847656e-08,0.8562607765197754,False,,,5211,66812_00088,07b60527410a4669a5ccb3624499efcd,2023-06-01_22-59-12,1685649552,300.855500459671,22070,ds01,192.168.3.71,300.855500459671,0,5211,0.0037603378295898,3,128,ELU,2048,1.0,ReduceLROnPlateau-0.5-2,10000,False,"/net/110-33034-1913.cc.spbu.ru/home/st082196/cuda-helm/ray_results/ndims=5,InitialSearch/trainable_66812_00088_88_L=3,N=128,activation=ELU,batch_size=2048,lr=1,lr_scheduler=ReduceLROnPlateau-0_5-2,num_points=10000,use_s_2023-06-01_22-54-11"
87,3632.9216,300.0170485973358,1209.7178819444443,1203.8958,0.1767001589331265,0.0001,0.7946646213531494,False,,,3633,66812_00089,07b60527410a4669a5ccb3624499efcd,2023-06-01_23-04-12,1685649852,300.72930932044983,22070,ds01,192.168.3.71,300.72930932044983,0,3633,0.0037603378295898,2,128,sigmoid,1024,0.0001,None,10000,True,"/net/110-33034-1913.cc.spbu.ru/home/st082196/cuda-helm/ray_results/ndims=5,InitialSearch/trainable_66812_00089_89_L=2,N=128,activation=sigmoid,batch_size=1024,lr=0.0001,lr_scheduler=None,num_points=10000,use_sobol=True_2023-06-01_22-59-12"
88,217.0,300.010684967041,86918218514591.39,627937278124558.9,0.1825302620658399,1.0,2.0363450050354004,False,,,217,66812_00090,07b60527410a4669a5ccb3624499efcd,2023-06-01_23-09-13,1685650153,300.6578848361969,22070,ds01,192.168.3.71,300.6578848361969,0,217,0.0037603378295898,2,64,sin,8192,1.0,None,1000000,False,"/net/110-33034-1913.cc.spbu.ru/home/st082196/cuda-helm/ray_results/ndims=5,InitialSearch/trainable_66812_00090_90_L=2,N=64,activation=sin,batch_size=8192,lr=1,lr_scheduler=None,num_points=1000000,use_sobol=False_2023-06-01_23-04-12"
89,159.16384,300.23101925849915,1205.8451251983645,1199.01901,0.1783668613942969,0.0001,1.263800859451294,False,,,160,66812_00091,07b60527410a4669a5ccb3624499efcd,2023-06-01_23-14-14,1685650454,301.0020334720612,22070,ds01,192.168.3.71,301.0020334720612,0,160,0.0037603378295898,2,512,atan,512,0.0001,None,100000,False,"/net/110-33034-1913.cc.spbu.ru/home/st082196/cuda-helm/ray_results/ndims=5,InitialSearch/trainable_66812_00091_91_L=2,N=512,activation=atan,batch_size=512,lr=0.0001,lr_scheduler=None,num_points=100000,use_sobol=False_2023-06-01_23-09-13"
90,6.581632,300.2898232936859,1094.5305189616245,1091.352047,0.169111209732898,0.1,27.165802717208862,False,,,7,66812_00092,07b60527410a4669a5ccb3624499efcd,2023-06-01_23-19-15,1685650755,300.8812322616577,22070,ds01,192.168.3.71,300.8812322616577,0,7,0.0037603378295898,1,64,tanh,128,0.1,ReduceLROnPlateau-0.5-2,1000000,True,"/net/110-33034-1913.cc.spbu.ru/home/st082196/cuda-helm/ray_results/ndims=5,InitialSearch/trainable_66812_00092_92_L=1,N=64,activation=tanh,batch_size=128,lr=0.1000,lr_scheduler=ReduceLROnPlateau-0_5-2,num_points=1000000_2023-06-01_23-14-14"
91,64.372736,300.6793510913849,673.1051458002447,678.8432345,0.1274340334313676,3.752413921111599e-05,2.807488441467285,False,,,65,66812_00093,07b60527410a4669a5ccb3624499efcd,2023-06-01_23-24-16,1685651056,301.3030767440796,22070,ds01,192.168.3.71,301.3030767440796,0,65,0.0037603378295898,3,128,sin,2048,0.001,ExponentialLR-0.95,1000000,False,"/net/110-33034-1913.cc.spbu.ru/home/st082196/cuda-helm/ray_results/ndims=5,InitialSearch/trainable_66812_00093_93_L=3,N=128,activation=sin,batch_size=2048,lr=0.0010,lr_scheduler=ExponentialLR-0_95,num_points=1000000,use_2023-06-01_23-19-15"
92,1217.2048,300.00936794281006,1209.63623046875,1203.953,0.1767478113538025,1.9073486328125e-08,0.8561549186706543,False,,,1218,66812_00094,07b60527410a4669a5ccb3624499efcd,2023-06-01_23-29-17,1685651357,300.8119373321533,22070,ds01,192.168.3.71,300.8119373321533,0,1218,0.0037603378295898,1,256,sigmoid,256,0.01,ReduceLROnPlateau-0.5-2,10000,True,"/net/110-33034-1913.cc.spbu.ru/home/st082196/cuda-helm/ray_results/ndims=5,InitialSearch/trainable_66812_00094_94_L=1,N=256,activation=sigmoid,batch_size=256,lr=0.0100,lr_scheduler=ReduceLROnPlateau-0_5-2,num_points=100_2023-06-01_23-24-16"
93,596.5248,300.01652908325195,1206.023848370808,1203.8049,0.1767036735113955,5.287723679538736e-15,0.9941842555999756,False,,,597,66812_00095,07b60527410a4669a5ccb3624499efcd,2023-06-01_23-34-18,1685651658,300.7587280273437,22070,ds01,192.168.3.71,300.7587280273437,0,597,0.0037603378295898,1,1024,ELU,128,0.1,ExponentialLR-0.95,10000,True,"/net/110-33034-1913.cc.spbu.ru/home/st082196/cuda-helm/ray_results/ndims=5,InitialSearch/trainable_66812_00095_95_L=1,N=1024,activation=ELU,batch_size=128,lr=0.1000,lr_scheduler=ExponentialLR-0_95,num_points=10000,use_s_2023-06-01_23-29-17"
94,23.355328,301.8832609653473,1208.7632979247344,1208.304174,0.1770017694072322,0.001,6.594649791717529,False,,,24,66812_00096,07b60527410a4669a5ccb3624499efcd,2023-06-01_23-39-21,1685651961,302.7175693511963,22070,ds01,192.168.3.71,302.7175693511963,0,24,0.0037603378295898,2,512,ELU,1024,0.1,ReduceLROnPlateau-0.1-10,1000000,False,"/net/110-33034-1913.cc.spbu.ru/home/st082196/cuda-helm/ray_results/ndims=5,InitialSearch/trainable_66812_00096_96_L=2,N=512,activation=ELU,batch_size=1024,lr=0.1000,lr_scheduler=ReduceLROnPlateau-0_1-10,num_points=10000_2023-06-01_23-34-18"
95,14809.0,300.00858545303345,1186.7078,1203.8583,0.1766702951502503,4.4e-323,0.6735761165618896,False,,,14809,66812_00097,07b60527410a4669a5ccb3624499efcd,2023-06-01_23-44-21,1685652261,300.6649570465088,22070,ds01,192.168.3.71,300.6649570465088,0,14809,0.0037603378295898,1,128,atan,32768,0.001,ExponentialLR-0.95,10000,False,"/net/110-33034-1913.cc.spbu.ru/home/st082196/cuda-helm/ray_results/ndims=5,InitialSearch/trainable_66812_00097_97_L=1,N=128,activation=atan,batch_size=32768,lr=0.0010,lr_scheduler=ExponentialLR-0_95,num_points=10000,use_2023-06-01_23-39-21"
96,834.2304,300.01951026916504,1138.9405042860244,1203.8468,0.176675382195223,2.639288168534177e-23,0.7423532009124756,False,,,835,66812_00098,07b60527410a4669a5ccb3624499efcd,2023-06-01_23-49-22,1685652562,300.6768419742584,22070,ds01,192.168.3.71,300.6768419742584,0,835,0.0037603378295898,3,256,sin,256,0.0001,ExponentialLR-0.95,10000,False,"/net/110-33034-1913.cc.spbu.ru/home/st082196/cuda-helm/ray_results/ndims=5,InitialSearch/trainable_66812_00098_98_L=3,N=256,activation=sin,batch_size=256,lr=0.0001,lr_scheduler=ExponentialLR-0_95,num_points=10000,use_so_2023-06-01_23-44-21"
97,3382.1024,300.01906538009644,1156.7601318359375,1204.3061,0.1769496757390095,4.583878385521491e-78,0.70816969871521,False,,,3383,66812_00099,07b60527410a4669a5ccb3624499efcd,2023-06-01_23-54-23,1685652863,300.7150914669037,22070,ds01,192.168.3.71,300.7150914669037,0,3383,0.0037603378295898,1,1024,sin,1024,0.01,ExponentialLR-0.95,10000,False,"/net/110-33034-1913.cc.spbu.ru/home/st082196/cuda-helm/ray_results/ndims=5,InitialSearch/trainable_66812_00099_99_L=1,N=1024,activation=sin,batch_size=1024,lr=0.0100,lr_scheduler=ExponentialLR-0_95,num_points=10000,use__2023-06-01_23-49-22"
